bob_suggestion,confidence_score,draw_date,draw_time,engine_side,engine_source,forecast_date,game,game_code,is_jackpot,jackpot_confidence_score,jackpot_filter_reason,jackpot_status,lane_id,legend_code,legend_text,number,option_c_pass,pattern_tags,play_flag,preview,primary_play_type,row_type,rubik_notes,sentry_ready,silence_reason,silence_score,sum,win_odds_1_in,winner_environment
NONE,61.2,2026-01-01,MIDDAY,LEFT,LEFT,2026-01-01,Cash3,CASH3,nan,nan,nan,nan,LANE_A,C3_BX,Cash 3 • Box play – flexible hit if digits land in any order.,277,True,[],True,nan,BOX,nan,Cash3 low confidence – Box-only as FUN-level play.,True,play,0.812,,1172.53,unfavorable
NONE,61.1,2026-01-01,MIDDAY,LEFT,LEFT,2026-01-01,Cash3,CASH3,nan,nan,nan,nan,LANE_A,C3_BX,Cash 3 • Box play – flexible hit if digits land in any order.,511,True,[],True,nan,BOX,nan,Cash3 low confidence – Box-only as FUN-level play.,True,play,0.8109999999999999,,1174.5,unfavorable
NONE,59.8,2026-01-03,MIDDAY,LEFT,LEFT,2026-01-03,Cash3,CASH3,nan,nan,nan,nan,LANE_A,C3_BX,Cash 3 • Box play – flexible hit if digits land in any order.,799,True,[],True,nan,BOX,nan,Cash3 low confidence – Box-only as FUN-level play.,True,play,0.9176,,1196.58,neutral
NONE,59.4,2026-01-02,MIDDAY,LEFT,LEFT,2026-01-02,Cash3,CASH3,nan,nan,nan,nan,LANE_A,C3_BX,Cash 3 • Box play – flexible hit if digits land in any order.,277,True,[],True,nan,BOX,nan,Cash3 low confidence – Box-only as FUN-level play.,True,play,0.9128000000000001,,1215.28,neutral
NONE,58.1,2026-01-04,EVENING,LEFT,LEFT,2026-01-04,Cash3,CASH3,nan,nan,nan,nan,LANE_A,C3_BX,Cash 3 • Box play – flexible hit if digits land in any order.,309,True,[],True,nan,BOX,nan,Cash3 low confidence – Box-only as FUN-level play.,True,play,0.8972,,1221.64,neutral
NONE,58.1,2026-01-06,MIDDAY,LEFT,LEFT,2026-01-06,Cash4,CASH4,nan,nan,nan,nan,LANE_A,C4_BX,Cash 4 • Box play – pays when the digits appear in any order.,3184,True,[],True,nan,BOX,nan,Cash4 low confidence – Box-only as FUN-level play.,True,play,0.8972,,1228.07,neutral
NONE,57.1,2026-01-02,NIGHT,LEFT,LEFT,2026-01-02,Cash4,CASH4,nan,nan,nan,nan,LANE_A,C4_BX,Cash 4 • Box play – pays when the digits appear in any order.,8692,True,[],True,nan,BOX,nan,Cash4 low confidence – Box-only as FUN-level play.,True,play,0.8852,,1252.24,neutral
NONE,57.0,2026-01-01,MIDDAY,LEFT,LEFT,2026-01-01,Cash4,CASH4,nan,nan,nan,nan,LANE_A,C4_BX,Cash 4 • Box play – pays when the digits appear in any order.,4422,True,[],True,nan,BOX,nan,Cash4 low confidence – Box-only as FUN-level play.,True,play,0.8839999999999999,,1261.26,neutral
NONE,57.0,2026-01-03,EVENING,LEFT,LEFT,2026-01-03,Cash3,CASH3,nan,nan,nan,nan,LANE_A,C3_BX,Cash 3 • Box play – flexible hit if digits land in any order.,309,True,[],True,nan,BOX,nan,Cash3 low confidence – Box-only as FUN-level play.,True,play,0.8839999999999999,,1250.0,neutral
NONE,57.0,2026-01-01,EVENING,LEFT,LEFT,2026-01-01,Cash4,CASH4,nan,nan,nan,nan,LANE_A,C4_BX,Cash 4 • Box play – pays when the digits appear in any order.,5084,True,[],True,nan,BOX,nan,Cash4 low confidence – Box-only as FUN-level play.,True,play,0.8839999999999999,,1256.73,neutral
NONE,56.9,2026-01-02,NIGHT,LEFT,LEFT,2026-01-02,Cash4,CASH4,nan,nan,nan,nan,LANE_A,C4_BX,Cash 4 • Box play – pays when the digits appear in any order.,7432,True,[],True,nan,BOX,nan,Cash4 low confidence – Box-only as FUN-level play.,True,play,0.8828,,1258.99,neutral
NONE,56.8,2026-01-02,MIDDAY,LEFT,LEFT,2026-01-02,Cash3,CASH3,nan,nan,nan,nan,LANE_A,C3_BX,Cash 3 • Box play – flexible hit if digits land in any order.,511,True,[],True,nan,BOX,nan,Cash3 low confidence – Box-only as FUN-level play.,True,play,0.8815999999999999,,1272.73,neutral
NONE,56.5,2026-01-01,NIGHT,LEFT,LEFT,2026-01-01,Cash3,CASH3,nan,nan,nan,nan,LANE_A,C3_BX,Cash 3 • Box play – flexible hit if digits land in any order.,389,True,[],True,nan,BOX,nan,Cash3 low confidence – Box-only as FUN-level play.,True,play,0.8779999999999999,,1261.26,unfavorable
NONE,56.5,2026-01-04,MIDDAY,LEFT,LEFT,2026-01-04,Cash3,CASH3,nan,nan,nan,nan,LANE_A,C3_BX,Cash 3 • Box play – flexible hit if digits land in any order.,799,True,[],True,nan,BOX,nan,Cash3 low confidence – Box-only as FUN-level play.,True,play,0.8779999999999999,,1261.26,neutral
NONE,56.5,2026-01-05,MIDDAY,LEFT,LEFT,2026-01-05,Cash4,CASH4,nan,nan,nan,nan,LANE_A,C4_BX,Cash 4 • Box play – pays when the digits appear in any order.,8630,True,[],True,nan,BOX,nan,Cash4 low confidence – Box-only as FUN-level play.,True,play,0.8779999999999999,,1261.26,neutral
NONE,56.1,2026-01-04,EVENING,LEFT,LEFT,2026-01-04,Cash4,CASH4,nan,nan,nan,nan,LANE_A,C4_BX,Cash 4 • Box play – pays when the digits appear in any order.,3156,True,[],True,nan,BOX,nan,Cash4 low confidence – Box-only as FUN-level play.,True,play,0.8732,,1265.82,neutral
NONE,55.6,2026-01-06,NIGHT,LEFT,LEFT,2026-01-06,Cash3,CASH3,nan,nan,nan,nan,LANE_A,C3_BX,Cash 3 • Box play – flexible hit if digits land in any order.,616,True,[],True,nan,BOX,nan,Cash3 low confidence – Box-only as FUN-level play.,True,play,0.8672,,1272.73,neutral
NONE,55.6,2026-01-05,MIDDAY,LEFT,LEFT,2026-01-05,Cash3,CASH3,nan,nan,nan,nan,LANE_A,C3_BX,Cash 3 • Box play – flexible hit if digits land in any order.,799,True,[],True,nan,BOX,nan,Cash3 low confidence – Box-only as FUN-level play.,True,play,0.8672,,1282.05,neutral
NONE,55.1,2026-01-01,EVENING,LEFT,LEFT,2026-01-01,Cash3,CASH3,nan,nan,nan,nan,LANE_A,C3_BX,Cash 3 • Box play – flexible hit if digits land in any order.,268,True,[],True,nan,BOX,nan,Cash3 low confidence – Box-only as FUN-level play.,True,play,0.8612,,1301.12,unfavorable
NONE,54.5,2026-01-03,MIDDAY,LEFT,LEFT,2026-01-03,Cash3,CASH3,nan,nan,nan,nan,LANE_A,C3_BX,Cash 3 • Box play – flexible hit if digits land in any order.,522,True,[],True,nan,BOX,nan,Cash3 low confidence – Box-only as FUN-level play.,True,play,0.8540000000000001,,1315.79,neutral
NONE,54.2,2026-01-06,MIDDAY,LEFT,LEFT,2026-01-06,Cash4,CASH4,nan,nan,nan,nan,LANE_A,C4_BX,Cash 4 • Box play – pays when the digits appear in any order.,4422,True,[],True,nan,BOX,nan,Cash4 low confidence – Box-only as FUN-level play.,True,play,0.8504,,1318.27,neutral
NONE,54.0,2026-01-03,NIGHT,LEFT,LEFT,2026-01-03,Cash3,CASH3,nan,nan,nan,nan,LANE_A,C3_BX,Cash 3 • Box play – flexible hit if digits land in any order.,616,True,[],True,nan,BOX,nan,Cash3 low confidence – Box-only as FUN-level play.,True,play,0.8480000000000001,,1315.79,neutral
NONE,53.8,2026-01-01,MIDDAY,LEFT,LEFT,2026-01-01,Cash4,CASH4,nan,nan,nan,nan,LANE_A,C4_BX,Cash 4 • Box play – pays when the digits appear in any order.,8630,True,[],True,nan,BOX,nan,Cash4 low confidence – Box-only as FUN-level play.,True,play,0.8455999999999999,,1338.43,neutral
NONE,53.7,2026-01-06,EVENING,LEFT,LEFT,2026-01-06,Cash3,CASH3,nan,nan,nan,nan,LANE_A,C3_BX,Cash 3 • Box play – flexible hit if digits land in any order.,470,True,[],True,nan,BOX,nan,Cash3 low confidence – Box-only as FUN-level play.,True,play,0.8444,,1325.76,neutral
NONE,53.5,2026-01-04,EVENING,LEFT,LEFT,2026-01-04,Cash3,CASH3,nan,nan,nan,nan,LANE_A,C3_BX,Cash 3 • Box play – flexible hit if digits land in any order.,858,True,[],True,nan,BOX,nan,Cash3 low confidence – Box-only as FUN-level play.,True,play,0.8420000000000001,,1328.27,neutral
NONE,52.9,2026-01-03,MIDDAY,LEFT,LEFT,2026-01-03,Cash3,CASH3,nan,nan,nan,nan,LANE_A,C3_BX,Cash 3 • Box play – flexible hit if digits land in any order.,308,True,[],True,nan,BOX,nan,Cash3 low confidence – Box-only as FUN-level play.,True,play,0.8348,,1356.59,neutral
NONE,52.9,2026-01-06,NIGHT,LEFT,LEFT,2026-01-06,Cash3,CASH3,nan,nan,nan,nan,LANE_A,C3_BX,Cash 3 • Box play – flexible hit if digits land in any order.,659,True,[],True,nan,BOX,nan,Cash3 low confidence – Box-only as FUN-level play.,True,play,0.8348,,1341.0,neutral
NONE,52.8,2026-01-06,MIDDAY,LEFT,LEFT,2026-01-06,Cash3,CASH3,nan,nan,nan,nan,LANE_A,C3_BX,Cash 3 • Box play – flexible hit if digits land in any order.,277,True,[],True,nan,BOX,nan,Cash3 low confidence – Box-only as FUN-level play.,True,play,0.8336000000000001,,1356.59,neutral
NONE,52.8,2026-01-04,NIGHT,LEFT,LEFT,2026-01-04,Cash3,CASH3,nan,nan,nan,nan,LANE_A,C3_BX,Cash 3 • Box play – flexible hit if digits land in any order.,659,True,[],True,nan,BOX,nan,Cash3 low confidence – Box-only as FUN-level play.,True,play,0.8336000000000001,,1338.43,neutral
NONE,52.7,2026-01-02,EVENING,LEFT,LEFT,2026-01-02,Cash4,CASH4,nan,nan,nan,nan,LANE_A,C4_BX,Cash 4 • Box play – pays when the digits appear in any order.,5956,True,[],True,nan,BOX,nan,Cash4 low confidence – Box-only as FUN-level play.,True,play,0.8324,,1367.19,neutral
NONE,52.6,2026-01-06,NIGHT,LEFT,LEFT,2026-01-06,Cash4,CASH4,nan,nan,nan,nan,LANE_A,C4_BX,Cash 4 • Box play – pays when the digits appear in any order.,9977,True,[],True,nan,BOX,nan,Cash4 low confidence – Box-only as FUN-level play.,True,play,0.8311999999999999,,1346.15,neutral
NONE,52.4,2026-01-02,EVENING,LEFT,LEFT,2026-01-02,Cash3,CASH3,nan,nan,nan,nan,LANE_A,C3_BX,Cash 3 • Box play – flexible hit if digits land in any order.,470,True,[],True,nan,BOX,nan,Cash3 low confidence – Box-only as FUN-level play.,True,play,0.8288,,1375.25,neutral
NONE,52.3,2026-01-04,NIGHT,LEFT,LEFT,2026-01-04,Cash3,CASH3,nan,nan,nan,nan,LANE_A,C3_BX,Cash 3 • Box play – flexible hit if digits land in any order.,204,True,[],True,nan,BOX,nan,Cash3 low confidence – Box-only as FUN-level play.,True,play,0.8276000000000001,,1351.35,neutral
NONE,52.1,2026-01-01,NIGHT,LEFT,LEFT,2026-01-01,Cash4,CASH4,nan,nan,nan,nan,LANE_A,C4_BX,Cash 4 • Box play – pays when the digits appear in any order.,9977,True,[],True,nan,BOX,nan,Cash4 low confidence – Box-only as FUN-level play.,True,play,0.8251999999999999,,1369.86,neutral
NONE,52.0,2026-01-01,EVENING,LEFT,LEFT,2026-01-01,Cash3,CASH3,nan,nan,nan,nan,LANE_A,C3_BX,Cash 3 • Box play – flexible hit if digits land in any order.,470,True,[],True,nan,BOX,nan,Cash3 low confidence – Box-only as FUN-level play.,True,play,0.8240000000000001,,1380.67,unfavorable
NONE,52.0,2026-01-05,MIDDAY,LEFT,LEFT,2026-01-05,Cash3,CASH3,nan,nan,nan,nan,LANE_A,C3_BX,Cash 3 • Box play – flexible hit if digits land in any order.,522,True,[],True,nan,BOX,nan,Cash3 low confidence – Box-only as FUN-level play.,True,play,0.8240000000000001,,1372.55,neutral
NONE,51.8,2026-01-04,NIGHT,LEFT,LEFT,2026-01-04,Cash4,CASH4,nan,nan,nan,nan,LANE_A,C4_BX,Cash 4 • Box play – pays when the digits appear in any order.,3340,True,[],True,nan,BOX,nan,Cash4 low confidence – Box-only as FUN-level play.,True,play,0.8216000000000001,,1364.52,neutral
NONE,51.7,2026-01-02,EVENING,LEFT,LEFT,2026-01-02,Cash4,CASH4,nan,nan,nan,nan,LANE_A,C4_BX,Cash 4 • Box play – pays when the digits appear in any order.,5084,True,[],True,nan,BOX,nan,Cash4 low confidence – Box-only as FUN-level play.,True,play,0.8204,,1394.42,neutral
NONE,51.5,2026-01-02,MIDDAY,LEFT,LEFT,2026-01-02,Cash4,CASH4,nan,nan,nan,nan,LANE_A,C4_BX,Cash 4 • Box play – pays when the digits appear in any order.,9947,True,[],True,nan,BOX,nan,Cash4 low confidence – Box-only as FUN-level play.,True,play,0.8180000000000001,,1405.62,neutral
NONE,51.5,2026-01-03,EVENING,LEFT,LEFT,2026-01-03,Cash4,CASH4,nan,nan,nan,nan,LANE_A,C4_BX,Cash 4 • Box play – pays when the digits appear in any order.,5084,True,[],True,nan,BOX,nan,Cash4 low confidence – Box-only as FUN-level play.,True,play,0.918,,1386.14,favorable
NONE,51.2,2026-01-05,MIDDAY,LEFT,LEFT,2026-01-05,Cash3,CASH3,nan,nan,nan,nan,LANE_A,C3_BX,Cash 3 • Box play – flexible hit if digits land in any order.,277,True,[],True,nan,BOX,nan,Cash3 low confidence – Box-only as FUN-level play.,True,play,0.8144,,1394.42,neutral
NONE,51.1,2026-01-05,MIDDAY,LEFT,LEFT,2026-01-05,Cash4,CASH4,nan,nan,nan,nan,LANE_A,C4_BX,Cash 4 • Box play – pays when the digits appear in any order.,4422,True,[],True,nan,BOX,nan,Cash4 low confidence – Box-only as FUN-level play.,True,play,0.8131999999999999,,1397.21,neutral
NONE,51.0,2026-01-02,JACKPOT,RIGHT,RIGHT,2026-01-02,Cash4Life,CASH4LIFE,True,7.0,nan,PASSED,LANE_A,C4L_STD,Cash 4 Life • Standard play – balanced number alignment.,05-14-26-31-54 | CB 03,True,[],True,False,STANDARD,JACKPOT,Cash4Life normal confidence – Standard ticket only.,True,play,0.812,,5000000.0,neutral
NONE,51.0,2026-01-02,EVENING,LEFT,LEFT,2026-01-02,Cash3,CASH3,nan,nan,nan,nan,LANE_A,C3_BX,Cash 3 • Box play – flexible hit if digits land in any order.,309,True,[],True,nan,BOX,nan,Cash3 low confidence – Box-only as FUN-level play.,True,play,0.812,,1414.14,neutral
NONE,51.0,2026-01-02,JACKPOT,RIGHT,RIGHT,2026-01-02,MegaMillions,MEGAMILLIONS,True,7.0,nan,PASSED,LANE_A,MM_STD,Mega Millions • Standard play – best for balanced pattern days.,03-18-24-41-55 | Mega 10,True,[],True,False,STANDARD,JACKPOT,MegaMillions normal confidence – Standard ticket only.,True,play,0.812,,5000000.0,neutral
NONE,50.8,2026-01-02,EVENING,LEFT,LEFT,2026-01-02,Cash4,CASH4,nan,nan,nan,nan,LANE_A,C4_BX,Cash 4 • Box play – pays when the digits appear in any order.,3156,True,[],True,nan,BOX,nan,Cash4 low confidence – Box-only as FUN-level play.,True,play,0.8096000000000001,,1419.88,neutral
NONE,50.8,2026-01-01,JACKPOT,RIGHT,RIGHT,2026-01-01,Cash4Life,CASH4LIFE,True,7.0,nan,PASSED,LANE_A,C4L_STD,Cash 4 Life • Standard play – balanced number alignment.,05-14-26-31-54 | CB 03,True,[],True,True,STANDARD,JACKPOT,Cash4Life normal confidence – Standard ticket only.,True,play,0.8096000000000001,,5000000.0,neutral
NONE,50.6,2026-01-06,NIGHT,LEFT,LEFT,2026-01-06,Cash3,CASH3,nan,nan,nan,nan,LANE_A,C3_BX,Cash 3 • Box play – flexible hit if digits land in any order.,204,True,[],True,nan,BOX,nan,Cash3 low confidence – Box-only as FUN-level play.,True,play,0.8071999999999999,,1400.0,neutral
NONE,50.6,2026-01-02,NIGHT,LEFT,LEFT,2026-01-02,Cash4,CASH4,nan,nan,nan,nan,LANE_A,C4_BX,Cash 4 • Box play – pays when the digits appear in any order.,3099,True,[],True,nan,BOX,nan,Cash4 low confidence – Box-only as FUN-level play.,True,play,0.8071999999999999,,1417.0,neutral
NONE,50.6,2026-01-03,EVENING,LEFT,LEFT,2026-01-03,Cash3,CASH3,nan,nan,nan,nan,LANE_A,C3_BX,Cash 3 • Box play – flexible hit if digits land in any order.,758,True,[],True,nan,BOX,nan,Cash3 low confidence – Box-only as FUN-level play.,True,play,0.8071999999999999,,1411.29,neutral
NONE,50.5,2026-01-03,JACKPOT,RIGHT,RIGHT,2026-01-03,Cash4Life,CASH4LIFE,True,7.0,nan,PASSED,LANE_A,C4L_STD,Cash 4 Life • Standard play – balanced number alignment.,05-14-26-31-54 | CB 03,True,[],True,True,STANDARD,JACKPOT,Cash4Life normal confidence – Standard ticket only.,True,play,0.806,,5000000.0,neutral
NONE,50.5,2026-01-03,JACKPOT,RIGHT,RIGHT,2026-01-03,Powerball,POWERBALL,True,7.0,nan,PASSED,LANE_A,PB_STD,Powerball • Standard play – use when the general pattern aligns.,06-13-29-48-58 | PB 11,True,[],True,True,STANDARD,JACKPOT,Powerball normal confidence – Standard ticket only.,True,play,0.906,,5000000.0,favorable
NONE,50.4,2026-01-06,JACKPOT,RIGHT,RIGHT,2026-01-06,MegaMillions,MEGAMILLIONS,True,7.0,nan,PASSED,LANE_A,MM_STD,Mega Millions • Standard play – best for balanced pattern days.,03-18-24-41-55 | Mega 10,True,[],True,False,STANDARD,JACKPOT,MegaMillions normal confidence – Standard ticket only.,True,play,0.8048,,5000000.0,neutral
NONE,50.4,2026-01-06,JACKPOT,RIGHT,RIGHT,2026-01-06,Cash4Life,CASH4LIFE,True,7.0,nan,PASSED,LANE_A,C4L_STD,Cash 4 Life • Standard play – balanced number alignment.,05-14-26-31-54 | CB 03,True,[],True,True,STANDARD,JACKPOT,Cash4Life normal confidence – Standard ticket only.,True,play,0.8048,,5000000.0,neutral
NONE,50.3,2026-01-04,JACKPOT,RIGHT,RIGHT,2026-01-04,Cash4Life,CASH4LIFE,True,7.0,nan,PASSED,LANE_A,C4L_STD,Cash 4 Life • Standard play – balanced number alignment.,05-14-26-31-54 | CB 03,True,[],True,False,STANDARD,JACKPOT,Cash4Life normal confidence – Standard ticket only.,True,play,0.8036000000000001,,5000000.0,neutral
NONE,50.2,2026-01-05,JACKPOT,RIGHT,RIGHT,2026-01-05,Cash4Life,CASH4LIFE,True,7.0,nan,PASSED,LANE_A,C4L_STD,Cash 4 Life • Standard play – balanced number alignment.,05-14-26-31-54 | CB 03,True,[],True,False,STANDARD,JACKPOT,Cash4Life normal confidence – Standard ticket only.,True,play,0.8024,,5000000.0,neutral
NONE,50.2,2026-01-05,JACKPOT,RIGHT,RIGHT,2026-01-05,Powerball,POWERBALL,True,7.0,nan,PASSED,LANE_A,PB_STD,Powerball • Standard play – use when the general pattern aligns.,06-13-29-48-58 | PB 11,True,[],True,True,STANDARD,JACKPOT,Powerball normal confidence – Standard ticket only.,True,play,0.8024,,5000000.0,unfavorable
NONE,49.4,2026-01-05,NIGHT,LEFT,LEFT,2026-01-05,Cash3,CASH3,nan,nan,nan,nan,LANE_A,C3_BX,Cash 3 • Box play – flexible hit if digits land in any order.,616,True,[],True,nan,BOX,nan,Cash3 – Low confidence; Box-only recommended as SKIP/FUN reference.,True,play,0.7928,,1431.49,neutral
NONE,49.1,2026-01-02,NIGHT,LEFT,LEFT,2026-01-02,Cash4,CASH4,nan,nan,nan,nan,LANE_A,C4_BX,Cash 4 • Box play – pays when the digits appear in any order.,7688,True,[],True,nan,BOX,nan,Cash4 – Low confidence; Box-only recommended as SKIP/FUN reference.,True,play,0.7891999999999999,,1461.38,neutral
NONE,48.9,2026-01-06,NIGHT,LEFT,LEFT,2026-01-06,Cash3,CASH3,nan,nan,nan,nan,LANE_A,C3_BX,Cash 3 • Box play – flexible hit if digits land in any order.,389,True,[],True,nan,BOX,nan,Cash3 – Low confidence; Box-only recommended as SKIP/FUN reference.,True,play,0.7867999999999999,,1449.28,neutral
NONE,48.6,2026-01-06,EVENING,LEFT,LEFT,2026-01-06,Cash3,CASH3,nan,nan,nan,nan,LANE_A,C3_BX,Cash 3 • Box play – flexible hit if digits land in any order.,268,True,[],True,nan,BOX,nan,Cash3 – Low confidence; Box-only recommended as SKIP/FUN reference.,True,play,0.7831999999999999,,1467.51,neutral
NONE,48.4,2026-01-04,EVENING,LEFT,LEFT,2026-01-04,Cash3,CASH3,nan,nan,nan,nan,LANE_A,C3_BX,Cash 3 • Box play – flexible hit if digits land in any order.,810,True,[],True,nan,BOX,nan,Cash3 – Low confidence; Box-only recommended as SKIP/FUN reference.,True,play,0.7807999999999999,,1470.59,neutral
NONE,48.4,2026-01-01,NIGHT,LEFT,LEFT,2026-01-01,Cash4,CASH4,nan,nan,nan,nan,LANE_A,C4_BX,Cash 4 • Box play – pays when the digits appear in any order.,8692,True,[],True,nan,BOX,nan,Cash4 – Low confidence; Box-only recommended as SKIP/FUN reference.,True,play,0.7807999999999999,,1476.79,neutral
NONE,48.3,2026-01-04,EVENING,LEFT,LEFT,2026-01-04,Cash4,CASH4,nan,nan,nan,nan,LANE_A,C4_BX,Cash 4 • Box play – pays when the digits appear in any order.,5956,True,[],True,nan,BOX,nan,Cash4 – Low confidence; Box-only recommended as SKIP/FUN reference.,True,play,0.7796000000000001,,1473.68,neutral
NONE,48.0,2026-01-03,NIGHT,LEFT,LEFT,2026-01-03,Cash4,CASH4,nan,nan,nan,nan,LANE_A,C4_BX,Cash 4 • Box play – pays when the digits appear in any order.,3340,True,[],True,nan,BOX,nan,Cash4 – Low confidence; Box-only recommended as SKIP/FUN reference.,True,play,0.876,,1483.05,favorable
NONE,48.0,2026-01-02,MIDDAY,LEFT,LEFT,2026-01-02,Cash4,CASH4,nan,nan,nan,nan,LANE_A,C4_BX,Cash 4 • Box play – pays when the digits appear in any order.,0868,True,[],True,nan,BOX,nan,Cash4 – Low confidence; Box-only recommended as SKIP/FUN reference.,True,play,0.776,,1511.88,neutral
NONE,47.8,2026-01-05,MIDDAY,LEFT,LEFT,2026-01-05,Cash3,CASH3,nan,nan,nan,nan,LANE_A,C3_BX,Cash 3 • Box play – flexible hit if digits land in any order.,435,True,[],True,nan,BOX,nan,Cash3 – Low confidence; Box-only recommended as SKIP/FUN reference.,True,play,0.7736000000000001,,1495.73,neutral
NONE,47.6,2026-01-02,NIGHT,LEFT,LEFT,2026-01-02,Cash3,CASH3,nan,nan,nan,nan,LANE_A,C3_BX,Cash 3 • Box play – flexible hit if digits land in any order.,616,True,[],True,nan,BOX,nan,Cash3 – Low confidence; Box-only recommended as SKIP/FUN reference.,True,play,0.7712000000000001,,1508.62,neutral
NONE,47.6,2026-01-03,MIDDAY,LEFT,LEFT,2026-01-03,Cash4,CASH4,nan,nan,nan,nan,LANE_A,C4_BX,Cash 4 • Box play – pays when the digits appear in any order.,9947,True,[],True,nan,BOX,nan,Cash4 – Low confidence; Box-only recommended as SKIP/FUN reference.,True,play,0.8712000000000001,,1508.62,favorable
NONE,46.6,2026-01-01,EVENING,LEFT,LEFT,2026-01-01,Cash4,CASH4,nan,nan,nan,nan,LANE_A,C4_BX,Cash 4 • Box play – pays when the digits appear in any order.,5956,True,[],True,nan,BOX,nan,Cash4 – Low confidence; Box-only recommended as SKIP/FUN reference.,True,play,0.7592000000000001,,1545.25,neutral
NONE,46.6,2026-01-04,NIGHT,LEFT,LEFT,2026-01-04,Cash3,CASH3,nan,nan,nan,nan,LANE_A,C3_BX,Cash 3 • Box play – flexible hit if digits land in any order.,973,True,[],True,nan,BOX,nan,Cash3 – Low confidence; Box-only recommended as SKIP/FUN reference.,True,play,0.7592000000000001,,1518.44,neutral
NONE,46.2,2026-01-03,EVENING,LEFT,LEFT,2026-01-03,Cash3,CASH3,nan,nan,nan,nan,LANE_A,C3_BX,Cash 3 • Box play – flexible hit if digits land in any order.,810,True,[],True,nan,BOX,nan,Cash3 – Low confidence; Box-only recommended as SKIP/FUN reference.,True,play,0.7544,,1548.67,neutral
NONE,46.2,2026-01-05,EVENING,LEFT,LEFT,2026-01-05,Cash4,CASH4,nan,nan,nan,nan,LANE_A,C4_BX,Cash 4 • Box play – pays when the digits appear in any order.,5956,True,[],True,nan,BOX,nan,Cash4 – Low confidence; Box-only recommended as SKIP/FUN reference.,True,play,0.7544,,1538.46,neutral
NONE,46.1,2026-01-06,EVENING,LEFT,LEFT,2026-01-06,Cash4,CASH4,nan,nan,nan,nan,LANE_A,C4_BX,Cash 4 • Box play – pays when the digits appear in any order.,2875,True,[],True,nan,BOX,nan,Cash4 – Low confidence; Box-only recommended as SKIP/FUN reference.,True,play,0.7532000000000001,,1548.67,neutral
NONE,46.0,2026-01-01,MIDDAY,LEFT,LEFT,2026-01-01,Cash4,CASH4,nan,nan,nan,nan,LANE_A,C4_BX,Cash 4 • Box play – pays when the digits appear in any order.,0868,True,[],True,nan,BOX,nan,Cash4 – Low confidence; Box-only recommended as SKIP/FUN reference.,True,play,0.752,,1573.03,neutral
NONE,45.5,2026-01-03,MIDDAY,LEFT,LEFT,2026-01-03,Cash3,CASH3,nan,nan,nan,nan,LANE_A,C3_BX,Cash 3 • Box play – flexible hit if digits land in any order.,511,True,[],True,nan,BOX,nan,Cash3 – Low confidence; Box-only recommended as SKIP/FUN reference.,True,play,0.746,,1580.14,neutral
NONE,45.0,2026-01-02,MIDDAY,LEFT,LEFT,2026-01-02,Cash3,CASH3,nan,nan,nan,nan,LANE_A,C3_BX,Cash 3 • Box play – flexible hit if digits land in any order.,435,True,[],True,nan,BOX,nan,Cash3 – Low confidence; Box-only recommended as SKIP/FUN reference.,True,play,0.74,,1616.63,neutral
NONE,44.8,2026-01-05,NIGHT,LEFT,LEFT,2026-01-05,Cash4,CASH4,nan,nan,nan,nan,LANE_A,C4_BX,Cash 4 • Box play – pays when the digits appear in any order.,3099,True,[],True,nan,BOX,nan,Cash4 – Low confidence; Box-only recommended as SKIP/FUN reference.,True,play,0.7376,,1580.14,neutral
NONE,44.6,2026-01-05,NIGHT,LEFT,LEFT,2026-01-05,Cash3,CASH3,nan,nan,nan,nan,LANE_A,C3_BX,Cash 3 • Box play – flexible hit if digits land in any order.,973,True,[],True,nan,BOX,nan,Cash3 – Low confidence; Box-only recommended as SKIP/FUN reference.,True,play,0.7352000000000001,,1587.3,neutral
NONE,44.4,2026-01-03,NIGHT,LEFT,LEFT,2026-01-03,Cash3,CASH3,nan,nan,nan,nan,LANE_A,C3_BX,Cash 3 • Box play – flexible hit if digits land in any order.,659,True,[],True,nan,BOX,nan,Cash3 – Low confidence; Box-only recommended as SKIP/FUN reference.,True,play,0.7327999999999999,,1605.5,neutral
NONE,43.0,2026-01-04,MIDDAY,LEFT,LEFT,2026-01-04,Cash4,CASH4,nan,nan,nan,nan,LANE_A,C4_BX,Cash 4 • Box play – pays when the digits appear in any order.,8158,True,[],True,nan,BOX,nan,Cash4 – Low confidence; Box-only recommended as SKIP/FUN reference.,True,play,0.716,,1666.67,neutral
NONE,42.9,2026-01-01,MIDDAY,LEFT,LEFT,2026-01-01,Cash4,CASH4,nan,nan,nan,nan,LANE_A,C4_BX,Cash 4 • Box play – pays when the digits appear in any order.,9947,True,[],True,nan,BOX,nan,Cash4 – Low confidence; Box-only recommended as SKIP/FUN reference.,True,play,0.7147999999999999,,1690.82,neutral
NONE,42.5,2026-01-06,EVENING,LEFT,LEFT,2026-01-06,Cash3,CASH3,nan,nan,nan,nan,LANE_A,C3_BX,Cash 3 • Box play – flexible hit if digits land in any order.,858,True,[],True,nan,BOX,nan,Cash3 – Low confidence; Box-only recommended as SKIP/FUN reference.,True,play,0.71,,1682.69,neutral
NONE,42.4,2026-01-05,EVENING,LEFT,LEFT,2026-01-05,Cash4,CASH4,nan,nan,nan,nan,LANE_A,C4_BX,Cash 4 • Box play – pays when the digits appear in any order.,5084,True,[],True,nan,BOX,nan,Cash4 – Low confidence; Box-only recommended as SKIP/FUN reference.,True,play,0.7087999999999999,,1678.66,neutral
NONE,42.0,2026-01-03,NIGHT,LEFT,LEFT,2026-01-03,Cash3,CASH3,nan,nan,nan,nan,LANE_A,C3_BX,Cash 3 • Box play – flexible hit if digits land in any order.,346,True,[],True,nan,BOX,nan,Cash3 – Low confidence; Box-only recommended as SKIP/FUN reference.,True,play,0.704,,1699.03,neutral
NONE,41.8,2026-01-01,NIGHT,LEFT,LEFT,2026-01-01,Cash3,CASH3,nan,nan,nan,nan,LANE_A,C3_BX,Cash 3 • Box play – flexible hit if digits land in any order.,204,True,[],True,nan,BOX,nan,Cash3 – Low confidence; Box-only recommended as SKIP/FUN reference.,True,play,0.7016,,1715.69,unfavorable
NONE,41.5,2026-01-03,EVENING,LEFT,LEFT,2026-01-03,Cash3,CASH3,nan,nan,nan,nan,LANE_A,C3_BX,Cash 3 • Box play – flexible hit if digits land in any order.,470,True,[],True,nan,BOX,nan,Cash3 – Low confidence; Box-only recommended as SKIP/FUN reference.,True,play,0.698,,1728.4,neutral
NONE,41.2,2026-01-02,MIDDAY,LEFT,LEFT,2026-01-02,Cash3,CASH3,nan,nan,nan,nan,LANE_A,C3_BX,Cash 3 • Box play – flexible hit if digits land in any order.,522,True,[],True,nan,BOX,nan,Cash3 – Low confidence; Box-only recommended as SKIP/FUN reference.,True,play,0.6944,,1772.15,neutral
NONE,41.1,2026-01-03,NIGHT,LEFT,LEFT,2026-01-03,Cash3,CASH3,nan,nan,nan,nan,LANE_A,C3_BX,Cash 3 • Box play – flexible hit if digits land in any order.,389,True,[],True,nan,BOX,nan,Cash3 – Low confidence; Box-only recommended as SKIP/FUN reference.,True,play,0.6932,,1732.67,neutral
NONE,39.8,2026-01-02,EVENING,LEFT,LEFT,2026-01-02,Cash4,CASH4,nan,nan,nan,nan,LANE_A,C4_BX,Cash 4 • Box play – pays when the digits appear in any order.,5983,True,[],True,nan,BOX,nan,Cash4 – Low confidence; Box-only recommended as SKIP/FUN reference.,True,play,0.7969999999999999,,1827.68,neutral
NONE,39.6,2026-01-03,NIGHT,LEFT,LEFT,2026-01-03,Cash3,CASH3,nan,nan,nan,nan,LANE_A,C3_BX,Cash 3 • Box play – flexible hit if digits land in any order.,204,True,[],True,nan,BOX,nan,Cash3 – Low confidence; Box-only recommended as SKIP/FUN reference.,True,play,0.794,,1799.49,neutral
NONE,39.6,2026-01-04,EVENING,LEFT,LEFT,2026-01-04,Cash4,CASH4,nan,nan,nan,nan,LANE_A,C4_BX,Cash 4 • Box play – pays when the digits appear in any order.,3725,True,[],True,nan,BOX,nan,Cash4 – Low confidence; Box-only recommended as SKIP/FUN reference.,True,play,0.794,,1804.12,neutral
NONE,39.2,2026-01-05,EVENING,LEFT,LEFT,2026-01-05,Cash3,CASH3,nan,nan,nan,nan,LANE_A,C3_BX,Cash 3 • Box play – flexible hit if digits land in any order.,309,True,[],True,nan,BOX,nan,Cash3 – Low confidence; Box-only recommended as SKIP/FUN reference.,True,play,0.788,,1818.18,neutral
NONE,39.2,2026-01-03,EVENING,LEFT,LEFT,2026-01-03,Cash4,CASH4,nan,nan,nan,nan,LANE_A,C4_BX,Cash 4 • Box play – pays when the digits appear in any order.,3725,True,[],True,nan,BOX,nan,Cash4 – Low confidence; Box-only recommended as SKIP/FUN reference.,True,play,0.888,,1832.46,favorable
NONE,39.2,2026-01-01,EVENING,LEFT,LEFT,2026-01-01,Cash3,CASH3,nan,nan,nan,nan,LANE_A,C3_BX,Cash 3 • Box play – flexible hit if digits land in any order.,858,True,[],True,nan,BOX,nan,Cash3 – Low confidence; Box-only recommended as SKIP/FUN reference.,True,play,0.788,,1846.97,unfavorable
NONE,38.7,2026-01-06,EVENING,LEFT,LEFT,2026-01-06,Cash4,CASH4,nan,nan,nan,nan,LANE_A,C4_BX,Cash 4 • Box play – pays when the digits appear in any order.,5084,True,[],True,nan,BOX,nan,Cash4 – Low confidence; Box-only recommended as SKIP/FUN reference.,True,play,0.7805,,1851.85,neutral
NONE,38.4,2026-01-06,MIDDAY,LEFT,LEFT,2026-01-06,Cash3,CASH3,nan,nan,nan,nan,LANE_A,C3_BX,Cash 3 • Box play – flexible hit if digits land in any order.,308,True,[],True,nan,BOX,nan,Cash3 – Low confidence; Box-only recommended as SKIP/FUN reference.,True,play,0.776,,1876.68,neutral
NONE,38.0,2026-01-05,MIDDAY,LEFT,LEFT,2026-01-05,Cash4,CASH4,nan,nan,nan,nan,LANE_A,C4_BX,Cash 4 • Box play – pays when the digits appear in any order.,3184,True,[],True,nan,BOX,nan,Cash4 – Low confidence; Box-only recommended as SKIP/FUN reference.,True,play,0.77,,1891.89,neutral
NONE,37.8,2026-01-06,NIGHT,LEFT,LEFT,2026-01-06,Cash4,CASH4,nan,nan,nan,nan,LANE_A,C4_BX,Cash 4 • Box play – pays when the digits appear in any order.,7432,True,[],True,nan,BOX,nan,Cash4 – Low confidence; Box-only recommended as SKIP/FUN reference.,True,play,0.7669999999999999,,1886.79,neutral
NONE,37.3,2026-01-01,EVENING,LEFT,LEFT,2026-01-01,Cash4,CASH4,nan,nan,nan,nan,LANE_A,C4_BX,Cash 4 • Box play – pays when the digits appear in any order.,2875,True,[],True,nan,BOX,nan,Cash4 – Low confidence; Box-only recommended as SKIP/FUN reference.,True,play,0.7595000000000001,,1944.44,neutral
NONE,36.8,2026-01-05,NIGHT,LEFT,LEFT,2026-01-05,Cash4,CASH4,nan,nan,nan,nan,LANE_A,C4_BX,Cash 4 • Box play – pays when the digits appear in any order.,9977,True,[],True,nan,BOX,nan,Cash4 – Low confidence; Box-only recommended as SKIP/FUN reference.,True,play,0.752,,1928.37,neutral
NONE,36.5,2026-01-04,EVENING,LEFT,LEFT,2026-01-04,Cash4,CASH4,nan,nan,nan,nan,LANE_A,C4_BX,Cash 4 • Box play – pays when the digits appear in any order.,2875,True,[],True,nan,BOX,nan,Cash4 – Low confidence; Box-only recommended as SKIP/FUN reference.,True,play,0.7475,,1960.78,neutral
NONE,36.3,2026-01-02,EVENING,LEFT,LEFT,2026-01-02,Cash3,CASH3,nan,nan,nan,nan,LANE_A,C3_BX,Cash 3 • Box play – flexible hit if digits land in any order.,758,True,[],True,nan,BOX,nan,Cash3 – Low confidence; Box-only recommended as SKIP/FUN reference.,True,play,0.7444999999999999,,2011.49,neutral
NONE,36.2,2026-01-03,MIDDAY,LEFT,LEFT,2026-01-03,Cash4,CASH4,nan,nan,nan,nan,LANE_A,C4_BX,Cash 4 • Box play – pays when the digits appear in any order.,4422,True,[],True,nan,BOX,nan,Cash4 – Low confidence; Box-only recommended as SKIP/FUN reference.,True,play,0.8430000000000001,,2000.0,favorable
NONE,36.1,2026-01-04,MIDDAY,LEFT,LEFT,2026-01-04,Cash3,CASH3,nan,nan,nan,nan,LANE_A,C3_BX,Cash 3 • Box play – flexible hit if digits land in any order.,277,True,[],True,nan,BOX,nan,Cash3 – Low confidence; Box-only recommended as SKIP/FUN reference.,True,play,0.7415,,1994.3,neutral
NONE,35.9,2026-01-05,EVENING,LEFT,LEFT,2026-01-05,Cash4,CASH4,nan,nan,nan,nan,LANE_A,C4_BX,Cash 4 • Box play – pays when the digits appear in any order.,3156,True,[],True,nan,BOX,nan,Cash4 – Low confidence; Box-only recommended as SKIP/FUN reference.,True,play,0.7384999999999999,,1988.64,neutral
NONE,35.9,2026-01-03,EVENING,LEFT,LEFT,2026-01-03,Cash4,CASH4,nan,nan,nan,nan,LANE_A,C4_BX,Cash 4 • Box play – pays when the digits appear in any order.,5983,True,[],True,nan,BOX,nan,Cash4 – Low confidence; Box-only recommended as SKIP/FUN reference.,True,play,0.8384999999999999,,2005.73,favorable
NONE,35.8,2026-01-04,MIDDAY,LEFT,LEFT,2026-01-04,Cash4,CASH4,nan,nan,nan,nan,LANE_A,C4_BX,Cash 4 • Box play – pays when the digits appear in any order.,4422,True,[],True,nan,BOX,nan,Cash4 – Low confidence; Box-only recommended as SKIP/FUN reference.,True,play,0.7369999999999999,,2017.29,neutral
NONE,35.5,2026-01-02,MIDDAY,LEFT,LEFT,2026-01-02,Cash4,CASH4,nan,nan,nan,nan,LANE_A,C4_BX,Cash 4 • Box play – pays when the digits appear in any order.,8158,True,[],True,nan,BOX,nan,Cash4 – Low confidence; Box-only recommended as SKIP/FUN reference.,True,play,0.7324999999999999,,2071.01,neutral
NONE,35.5,2026-01-04,MIDDAY,LEFT,LEFT,2026-01-04,Cash3,CASH3,nan,nan,nan,nan,LANE_A,C3_BX,Cash 3 • Box play – flexible hit if digits land in any order.,435,True,[],True,nan,BOX,nan,Cash3 – Low confidence; Box-only recommended as SKIP/FUN reference.,True,play,0.7324999999999999,,2028.99,neutral
NONE,35.5,2026-01-05,EVENING,LEFT,LEFT,2026-01-05,Cash3,CASH3,nan,nan,nan,nan,LANE_A,C3_BX,Cash 3 • Box play – flexible hit if digits land in any order.,858,True,[],True,nan,BOX,nan,Cash3 – Low confidence; Box-only recommended as SKIP/FUN reference.,True,play,0.7324999999999999,,2011.49,neutral
NONE,35.4,2026-01-03,EVENING,LEFT,LEFT,2026-01-03,Cash4,CASH4,nan,nan,nan,nan,LANE_A,C4_BX,Cash 4 • Box play – pays when the digits appear in any order.,3156,True,[],True,nan,BOX,nan,Cash4 – Low confidence; Box-only recommended as SKIP/FUN reference.,True,play,0.8309999999999998,,2034.88,favorable
NONE,35.4,2026-01-05,EVENING,LEFT,LEFT,2026-01-05,Cash3,CASH3,nan,nan,nan,nan,LANE_A,C3_BX,Cash 3 • Box play – flexible hit if digits land in any order.,758,True,[],True,nan,BOX,nan,Cash3 – Low confidence; Box-only recommended as SKIP/FUN reference.,True,play,0.7309999999999999,,2017.29,neutral
NONE,35.0,2026-01-03,NIGHT,LEFT,LEFT,2026-01-03,Cash3,CASH3,nan,nan,nan,nan,LANE_A,C3_BX,Cash 3 • Box play – flexible hit if digits land in any order.,973,True,[],True,nan,BOX,nan,Cash3 – Low confidence; Box-only recommended as SKIP/FUN reference.,True,play,0.7249999999999999,,2040.82,neutral
NONE,35.0,2026-01-04,NIGHT,LEFT,LEFT,2026-01-04,Cash4,CASH4,nan,nan,nan,nan,LANE_A,C4_BX,Cash 4 • Box play – pays when the digits appear in any order.,7688,True,[],True,nan,BOX,nan,Cash4 – Low confidence; Box-only recommended as SKIP/FUN reference.,True,play,0.7249999999999999,,2028.99,neutral
NONE,34.9,2026-01-05,MIDDAY,LEFT,LEFT,2026-01-05,Cash4,CASH4,nan,nan,nan,nan,LANE_A,C4_BX,Cash 4 • Box play – pays when the digits appear in any order.,9947,True,[],True,nan,BOX,nan,Cash4 – Low confidence; Box-only recommended as SKIP/FUN reference.,True,play,0.7235,,2064.9,neutral
NONE,34.9,2026-01-05,MIDDAY,LEFT,LEFT,2026-01-05,Cash4,CASH4,nan,nan,nan,nan,LANE_A,C4_BX,Cash 4 • Box play – pays when the digits appear in any order.,8158,True,[],True,nan,BOX,nan,Cash4 – Low confidence; Box-only recommended as SKIP/FUN reference.,True,play,0.7235,,2064.9,neutral
NONE,34.8,2026-01-04,MIDDAY,LEFT,LEFT,2026-01-04,Cash3,CASH3,nan,nan,nan,nan,LANE_A,C3_BX,Cash 3 • Box play – flexible hit if digits land in any order.,511,True,[],True,nan,BOX,nan,Cash3 – Low confidence; Box-only recommended as SKIP/FUN reference.,True,play,0.722,,2077.15,neutral
NONE,34.8,2026-01-01,MIDDAY,LEFT,LEFT,2026-01-01,Cash3,CASH3,nan,nan,nan,nan,LANE_A,C3_BX,Cash 3 • Box play – flexible hit if digits land in any order.,522,True,[],True,nan,BOX,nan,Cash3 – Low confidence; Box-only recommended as SKIP/FUN reference.,True,play,0.722,,2108.43,unfavorable
NONE,34.5,2026-01-01,NIGHT,LEFT,LEFT,2026-01-01,Cash4,CASH4,nan,nan,nan,nan,LANE_A,C4_BX,Cash 4 • Box play – pays when the digits appear in any order.,7688,True,[],True,nan,BOX,nan,Cash4 – Low confidence; Box-only recommended as SKIP/FUN reference.,True,play,0.7175,,2089.55,neutral
NONE,34.4,2026-01-04,NIGHT,LEFT,LEFT,2026-01-04,Cash3,CASH3,nan,nan,nan,nan,LANE_A,C3_BX,Cash 3 • Box play – flexible hit if digits land in any order.,346,True,[],True,nan,BOX,nan,Cash3 – Low confidence; Box-only recommended as SKIP/FUN reference.,True,play,0.716,,2064.9,neutral
NONE,34.3,2026-01-01,MIDDAY,LEFT,LEFT,2026-01-01,Cash3,CASH3,nan,nan,nan,nan,LANE_A,C3_BX,Cash 3 • Box play – flexible hit if digits land in any order.,435,True,[],True,nan,BOX,nan,Cash3 – Low confidence; Box-only recommended as SKIP/FUN reference.,True,play,0.7144999999999999,,2134.15,unfavorable
NONE,34.0,2026-01-04,NIGHT,LEFT,LEFT,2026-01-04,Cash3,CASH3,nan,nan,nan,nan,LANE_A,C3_BX,Cash 3 • Box play – flexible hit if digits land in any order.,616,True,[],True,nan,BOX,nan,Cash3 – Low confidence; Box-only recommended as SKIP/FUN reference.,True,play,0.71,,2089.55,neutral
NONE,33.9,2026-01-04,NIGHT,LEFT,LEFT,2026-01-04,Cash4,CASH4,nan,nan,nan,nan,LANE_A,C4_BX,Cash 4 • Box play – pays when the digits appear in any order.,9977,True,[],True,nan,BOX,nan,Cash4 – Low confidence; Box-only recommended as SKIP/FUN reference.,True,play,0.7084999999999999,,2095.81,neutral
NONE,33.6,2026-01-01,EVENING,LEFT,LEFT,2026-01-01,Cash4,CASH4,nan,nan,nan,nan,LANE_A,C4_BX,Cash 4 • Box play – pays when the digits appear in any order.,5983,True,[],True,nan,BOX,nan,Cash4 – Low confidence; Box-only recommended as SKIP/FUN reference.,True,play,0.704,,2167.18,neutral
NONE,33.0,2026-01-04,MIDDAY,LEFT,LEFT,2026-01-04,Cash3,CASH3,nan,nan,nan,nan,LANE_A,C3_BX,Cash 3 • Box play – flexible hit if digits land in any order.,522,True,[],True,nan,BOX,nan,Cash3 – Low confidence; Box-only recommended as SKIP/FUN reference.,True,play,0.6950000000000001,,2187.5,neutral
NONE,32.9,2026-01-05,NIGHT,LEFT,LEFT,2026-01-05,Cash3,CASH3,nan,nan,nan,nan,LANE_A,C3_BX,Cash 3 • Box play – flexible hit if digits land in any order.,346,True,[],True,nan,BOX,nan,Cash3 – Low confidence; Box-only recommended as SKIP/FUN reference.,True,play,0.6935,,2160.49,neutral
NONE,32.9,2026-01-01,NIGHT,LEFT,LEFT,2026-01-01,Cash3,CASH3,nan,nan,nan,nan,LANE_A,C3_BX,Cash 3 • Box play – flexible hit if digits land in any order.,346,True,[],True,nan,BOX,nan,Cash3 – Low confidence; Box-only recommended as SKIP/FUN reference.,True,play,0.6935,,2201.26,unfavorable
NONE,32.8,2026-01-06,MIDDAY,LEFT,LEFT,2026-01-06,Cash3,CASH3,nan,nan,nan,nan,LANE_A,C3_BX,Cash 3 • Box play – flexible hit if digits land in any order.,435,True,[],True,nan,BOX,nan,Cash3 – Low confidence; Box-only recommended as SKIP/FUN reference.,True,play,0.692,,2215.19,neutral
NONE,32.4,2026-01-02,EVENING,LEFT,LEFT,2026-01-02,Cash4,CASH4,nan,nan,nan,nan,LANE_A,C4_BX,Cash 4 • Box play – pays when the digits appear in any order.,2875,True,[],True,nan,BOX,nan,Cash4 – Low confidence; Box-only recommended as SKIP/FUN reference.,True,play,0.6859999999999999,,2265.37,neutral
NONE,32.2,2026-01-03,MIDDAY,LEFT,LEFT,2026-01-03,Cash4,CASH4,nan,nan,nan,nan,LANE_A,C4_BX,Cash 4 • Box play – pays when the digits appear in any order.,8158,True,[],True,nan,BOX,nan,Cash4 – Low confidence; Box-only recommended as SKIP/FUN reference.,True,play,0.783,,2258.06,favorable
NONE,32.1,2026-01-04,EVENING,LEFT,LEFT,2026-01-04,Cash3,CASH3,nan,nan,nan,nan,LANE_A,C3_BX,Cash 3 • Box play – flexible hit if digits land in any order.,268,True,[],True,nan,BOX,nan,Cash3 – Low confidence; Box-only recommended as SKIP/FUN reference.,True,play,0.6815,,2236.42,neutral
NONE,32.0,2026-01-04,MIDDAY,LEFT,LEFT,2026-01-04,Cash4,CASH4,nan,nan,nan,nan,LANE_A,C4_BX,Cash 4 • Box play – pays when the digits appear in any order.,9947,True,[],True,nan,BOX,nan,Cash4 – Low confidence; Box-only recommended as SKIP/FUN reference.,True,play,0.6799999999999999,,2258.06,neutral
NONE,31.9,2026-01-01,MIDDAY,LEFT,LEFT,2026-01-01,Cash3,CASH3,nan,nan,nan,nan,LANE_A,C3_BX,Cash 3 • Box play – flexible hit if digits land in any order.,308,True,[],True,nan,BOX,nan,Cash3 – Low confidence; Box-only recommended as SKIP/FUN reference.,True,play,0.6785000000000001,,2302.63,unfavorable
NONE,31.8,2026-01-01,NIGHT,LEFT,LEFT,2026-01-01,Cash4,CASH4,nan,nan,nan,nan,LANE_A,C4_BX,Cash 4 • Box play – pays when the digits appear in any order.,3099,True,[],True,nan,BOX,nan,Cash4 – Low confidence; Box-only recommended as SKIP/FUN reference.,True,play,0.677,,2280.13,neutral
NONE,31.8,2026-01-05,MIDDAY,LEFT,LEFT,2026-01-05,Cash3,CASH3,nan,nan,nan,nan,LANE_A,C3_BX,Cash 3 • Box play – flexible hit if digits land in any order.,511,True,[],True,nan,BOX,nan,Cash3 – Low confidence; Box-only recommended as SKIP/FUN reference.,True,play,0.677,,2272.73,neutral
NONE,31.6,2026-01-04,MIDDAY,LEFT,LEFT,2026-01-04,Cash4,CASH4,nan,nan,nan,nan,LANE_A,C4_BX,Cash 4 • Box play – pays when the digits appear in any order.,8630,True,[],True,nan,BOX,nan,Cash4 – Low confidence; Box-only recommended as SKIP/FUN reference.,True,play,0.6739999999999999,,2295.08,neutral
NONE,31.5,2026-01-05,EVENING,LEFT,LEFT,2026-01-05,Cash4,CASH4,nan,nan,nan,nan,LANE_A,C4_BX,Cash 4 • Box play – pays when the digits appear in any order.,2875,True,[],True,nan,BOX,nan,Cash4 – Low confidence; Box-only recommended as SKIP/FUN reference.,True,play,0.6725000000000001,,2272.73,neutral
NONE,31.5,2026-01-06,MIDDAY,LEFT,LEFT,2026-01-06,Cash3,CASH3,nan,nan,nan,nan,LANE_A,C3_BX,Cash 3 • Box play – flexible hit if digits land in any order.,511,True,[],True,nan,BOX,nan,Cash3 – Low confidence; Box-only recommended as SKIP/FUN reference.,True,play,0.6725000000000001,,2302.63,neutral
NONE,31.4,2026-01-02,MIDDAY,LEFT,LEFT,2026-01-02,Cash4,CASH4,nan,nan,nan,nan,LANE_A,C4_BX,Cash 4 • Box play – pays when the digits appear in any order.,4422,True,[],True,nan,BOX,nan,Cash4 – Low confidence; Box-only recommended as SKIP/FUN reference.,True,play,0.671,,2364.86,neutral
NONE,31.2,2026-01-06,NIGHT,LEFT,LEFT,2026-01-06,Cash4,CASH4,nan,nan,nan,nan,LANE_A,C4_BX,Cash 4 • Box play – pays when the digits appear in any order.,3099,True,[],True,nan,BOX,nan,Cash4 – Low confidence; Box-only recommended as SKIP/FUN reference.,True,play,0.6679999999999999,,2287.58,neutral
NONE,31.0,2026-01-06,NIGHT,LEFT,LEFT,2026-01-06,Cash3,CASH3,nan,nan,nan,nan,LANE_A,C3_BX,Cash 3 • Box play – flexible hit if digits land in any order.,346,True,[],True,nan,BOX,nan,Cash3 – Low confidence; Box-only recommended as SKIP/FUN reference.,True,play,0.665,,2302.63,neutral
NONE,30.7,2026-01-02,EVENING,LEFT,LEFT,2026-01-02,Cash3,CASH3,nan,nan,nan,nan,LANE_A,C3_BX,Cash 3 • Box play – flexible hit if digits land in any order.,268,True,[],True,nan,BOX,nan,Cash3 – Low confidence; Box-only recommended as SKIP/FUN reference.,True,play,0.6605000000000001,,2397.26,neutral
NONE,30.6,2026-01-03,NIGHT,LEFT,LEFT,2026-01-03,Cash4,CASH4,nan,nan,nan,nan,LANE_A,C4_BX,Cash 4 • Box play – pays when the digits appear in any order.,8692,True,[],True,nan,BOX,nan,Cash4 – Low confidence; Box-only recommended as SKIP/FUN reference.,True,play,0.759,,2341.14,favorable
NONE,30.4,2026-01-02,EVENING,LEFT,LEFT,2026-01-02,Cash3,CASH3,nan,nan,nan,nan,LANE_A,C3_BX,Cash 3 • Box play – flexible hit if digits land in any order.,810,True,[],True,nan,BOX,nan,Cash3 – Low confidence; Box-only recommended as SKIP/FUN reference.,True,play,0.6559999999999999,,2422.15,neutral
NONE,30.2,2026-01-05,NIGHT,LEFT,LEFT,2026-01-05,Cash3,CASH3,nan,nan,nan,nan,LANE_A,C3_BX,Cash 3 • Box play – flexible hit if digits land in any order.,389,True,[],True,nan,BOX,nan,Cash3 – Low confidence; Box-only recommended as SKIP/FUN reference.,True,play,0.653,,2348.99,neutral
NONE,30.1,2026-01-05,EVENING,LEFT,LEFT,2026-01-05,Cash4,CASH4,nan,nan,nan,nan,LANE_A,C4_BX,Cash 4 • Box play – pays when the digits appear in any order.,3725,True,[],True,nan,BOX,nan,Cash4 – Low confidence; Box-only recommended as SKIP/FUN reference.,True,play,0.6515,,2380.95,neutral
NONE,29.7,2026-01-05,EVENING,LEFT,LEFT,2026-01-05,Cash3,CASH3,nan,nan,nan,nan,LANE_A,C3_BX,Cash 3 • Box play – flexible hit if digits land in any order.,268,True,[],True,nan,BOX,nan,Cash3 – Low confidence; Box-only recommended as SKIP/FUN reference.,True,play,0.6455,,2413.79,neutral
NONE,29.6,2026-01-06,EVENING,LEFT,LEFT,2026-01-06,Cash3,CASH3,nan,nan,nan,nan,LANE_A,C3_BX,Cash 3 • Box play – flexible hit if digits land in any order.,758,True,[],True,nan,BOX,nan,Cash3 – Low confidence; Box-only recommended as SKIP/FUN reference.,True,play,0.6440000000000001,,2439.02,neutral
NONE,29.5,2026-01-03,EVENING,LEFT,LEFT,2026-01-03,Cash4,CASH4,nan,nan,nan,nan,LANE_A,C4_BX,Cash 4 • Box play – pays when the digits appear in any order.,2875,True,[],True,nan,BOX,nan,Cash4 – Low confidence; Box-only recommended as SKIP/FUN reference.,True,play,0.7425,,2456.14,favorable
NONE,29.4,2026-01-05,MIDDAY,LEFT,LEFT,2026-01-05,Cash3,CASH3,nan,nan,nan,nan,LANE_A,C3_BX,Cash 3 • Box play – flexible hit if digits land in any order.,308,True,[],True,nan,BOX,nan,Cash3 – Low confidence; Box-only recommended as SKIP/FUN reference.,True,play,0.641,,2456.14,neutral
NONE,29.4,2026-01-05,NIGHT,LEFT,LEFT,2026-01-05,Cash4,CASH4,nan,nan,nan,nan,LANE_A,C4_BX,Cash 4 • Box play – pays when the digits appear in any order.,7432,True,[],True,nan,BOX,nan,Cash4 – Low confidence; Box-only recommended as SKIP/FUN reference.,True,play,0.641,,2413.79,neutral
NONE,29.1,2026-01-06,MIDDAY,LEFT,LEFT,2026-01-06,Cash3,CASH3,nan,nan,nan,nan,LANE_A,C3_BX,Cash 3 • Box play – flexible hit if digits land in any order.,522,True,[],True,nan,BOX,nan,Cash3 – Low confidence; Box-only recommended as SKIP/FUN reference.,True,play,0.6365000000000001,,2500.0,neutral
NONE,29.0,2026-01-04,EVENING,LEFT,LEFT,2026-01-04,Cash3,CASH3,nan,nan,nan,nan,LANE_A,C3_BX,Cash 3 • Box play – flexible hit if digits land in any order.,470,True,[],True,nan,BOX,nan,Cash3 – Low confidence; Box-only recommended as SKIP/FUN reference.,True,play,0.635,,2482.27,neutral
NONE,29.0,2026-01-06,NIGHT,LEFT,LEFT,2026-01-06,Cash4,CASH4,nan,nan,nan,nan,LANE_A,C4_BX,Cash 4 • Box play – pays when the digits appear in any order.,3340,True,[],True,nan,BOX,nan,Cash4 – Low confidence; Box-only recommended as SKIP/FUN reference.,True,play,0.635,,2464.79,neutral
NONE,28.9,2026-01-06,EVENING,LEFT,LEFT,2026-01-06,Cash4,CASH4,nan,nan,nan,nan,LANE_A,C4_BX,Cash 4 • Box play – pays when the digits appear in any order.,3156,True,[],True,nan,BOX,nan,Cash4 – Low confidence; Box-only recommended as SKIP/FUN reference.,True,play,0.6335,,2500.0,neutral
NONE,28.8,2026-01-03,NIGHT,LEFT,LEFT,2026-01-03,Cash4,CASH4,nan,nan,nan,nan,LANE_A,C4_BX,Cash 4 • Box play – pays when the digits appear in any order.,7432,True,[],True,nan,BOX,nan,Cash4 – Low confidence; Box-only recommended as SKIP/FUN reference.,True,play,0.7320000000000001,,2500.0,favorable
NONE,28.2,2026-01-05,EVENING,LEFT,LEFT,2026-01-05,Cash4,CASH4,nan,nan,nan,nan,LANE_A,C4_BX,Cash 4 • Box play – pays when the digits appear in any order.,5983,True,[],True,nan,BOX,nan,Cash4 – Low confidence; Box-only recommended as SKIP/FUN reference.,True,play,0.623,,2545.45,neutral
NONE,28.0,2026-01-04,EVENING,LEFT,LEFT,2026-01-04,Cash4,CASH4,nan,nan,nan,nan,LANE_A,C4_BX,Cash 4 • Box play – pays when the digits appear in any order.,5084,True,[],True,nan,BOX,nan,Cash4 – Low confidence; Box-only recommended as SKIP/FUN reference.,True,play,0.6200000000000001,,2573.53,neutral
NONE,27.9,2026-01-01,NIGHT,LEFT,LEFT,2026-01-01,Cash3,CASH3,nan,nan,nan,nan,LANE_A,C3_BX,Cash 3 • Box play – flexible hit if digits land in any order.,616,True,[],True,nan,BOX,nan,Cash3 – Low confidence; Box-only recommended as SKIP/FUN reference.,True,play,0.6185,,2602.23,unfavorable
NONE,27.9,2026-01-06,NIGHT,LEFT,LEFT,2026-01-06,Cash4,CASH4,nan,nan,nan,nan,LANE_A,C4_BX,Cash 4 • Box play – pays when the digits appear in any order.,7688,True,[],True,nan,BOX,nan,Cash4 – Low confidence; Box-only recommended as SKIP/FUN reference.,True,play,0.6185,,2564.1,neutral
NONE,27.9,2026-01-04,EVENING,LEFT,LEFT,2026-01-04,Cash4,CASH4,nan,nan,nan,nan,LANE_A,C4_BX,Cash 4 • Box play – pays when the digits appear in any order.,5983,True,[],True,nan,BOX,nan,Cash4 – Low confidence; Box-only recommended as SKIP/FUN reference.,True,play,0.6185,,2583.03,neutral
NONE,27.9,2026-01-01,EVENING,LEFT,LEFT,2026-01-01,Cash3,CASH3,nan,nan,nan,nan,LANE_A,C3_BX,Cash 3 • Box play – flexible hit if digits land in any order.,309,True,[],True,nan,BOX,nan,Cash3 – Low confidence; Box-only recommended as SKIP/FUN reference.,True,play,0.6185,,2631.58,unfavorable
NONE,27.8,2026-01-06,NIGHT,LEFT,LEFT,2026-01-06,Cash4,CASH4,nan,nan,nan,nan,LANE_A,C4_BX,Cash 4 • Box play – pays when the digits appear in any order.,8692,True,[],True,nan,BOX,nan,Cash4 – Low confidence; Box-only recommended as SKIP/FUN reference.,True,play,0.617,,2573.53,neutral
NONE,27.7,2026-01-04,MIDDAY,LEFT,LEFT,2026-01-04,Cash4,CASH4,nan,nan,nan,nan,LANE_A,C4_BX,Cash 4 • Box play – pays when the digits appear in any order.,0868,True,[],False,nan,BOX,nan,Cash4 – Low confidence; Box-only recommended as SKIP/FUN reference.,True,low_confidence,0.6154999999999999,,2631.58,neutral
NONE,27.5,2026-01-03,EVENING,LEFT,LEFT,2026-01-03,Cash4,CASH4,nan,nan,nan,nan,LANE_A,C4_BX,Cash 4 • Box play – pays when the digits appear in any order.,5956,True,[],True,nan,BOX,nan,Cash4 – Low confidence; Box-only recommended as SKIP/FUN reference.,True,play,0.7125,,2641.51,favorable
NONE,27.3,2026-01-04,EVENING,LEFT,LEFT,2026-01-04,Cash3,CASH3,nan,nan,nan,nan,LANE_A,C3_BX,Cash 3 • Box play – flexible hit if digits land in any order.,758,True,[],False,nan,BOX,nan,Cash3 – Low confidence; Box-only recommended as SKIP/FUN reference.,True,low_confidence,0.6095,,2641.51,neutral
NONE,27.2,2026-01-05,NIGHT,LEFT,LEFT,2026-01-05,Cash4,CASH4,nan,nan,nan,nan,LANE_A,C4_BX,Cash 4 • Box play – pays when the digits appear in any order.,7688,True,[],False,nan,BOX,nan,Cash4 – Low confidence; Box-only recommended as SKIP/FUN reference.,True,low_confidence,0.6080000000000001,,2611.94,neutral
NONE,26.6,2026-01-02,NIGHT,LEFT,LEFT,2026-01-02,Cash3,CASH3,nan,nan,nan,nan,LANE_A,C3_BX,Cash 3 • Box play – flexible hit if digits land in any order.,973,True,[],False,nan,BOX,nan,Cash3 – Low confidence; Box-only recommended as SKIP/FUN reference.,True,low_confidence,0.599,,2755.91,neutral
NONE,26.6,2026-01-02,MIDDAY,LEFT,LEFT,2026-01-02,Cash4,CASH4,nan,nan,nan,nan,LANE_A,C4_BX,Cash 4 • Box play – pays when the digits appear in any order.,8630,True,[],False,nan,BOX,nan,Cash4 – Low confidence; Box-only recommended as SKIP/FUN reference.,True,low_confidence,0.599,,2822.58,neutral
NONE,25.8,2026-01-03,NIGHT,LEFT,LEFT,2026-01-03,Cash4,CASH4,nan,nan,nan,nan,LANE_A,C4_BX,Cash 4 • Box play – pays when the digits appear in any order.,9977,True,[],True,nan,BOX,nan,Cash4 – Low confidence; Box-only recommended as SKIP/FUN reference.,True,play,0.6869999999999999,,2800.0,favorable
NONE,25.4,2026-01-06,EVENING,LEFT,LEFT,2026-01-06,Cash3,CASH3,nan,nan,nan,nan,LANE_A,C3_BX,Cash 3 • Box play – flexible hit if digits land in any order.,309,True,[],False,nan,BOX,nan,Cash3 – Low confidence; Box-only recommended as SKIP/FUN reference.,True,low_confidence,0.581,,2857.14,neutral
NONE,25.4,2026-01-05,EVENING,LEFT,LEFT,2026-01-05,Cash3,CASH3,nan,nan,nan,nan,LANE_A,C3_BX,Cash 3 • Box play – flexible hit if digits land in any order.,470,True,[],False,nan,BOX,nan,Cash3 – Low confidence; Box-only recommended as SKIP/FUN reference.,True,low_confidence,0.581,,2834.01,neutral
NONE,25.2,2026-01-02,MIDDAY,LEFT,LEFT,2026-01-02,Cash4,CASH4,nan,nan,nan,nan,LANE_A,C4_BX,Cash 4 • Box play – pays when the digits appear in any order.,3184,True,[],False,nan,BOX,nan,Cash4 – Low confidence; Box-only recommended as SKIP/FUN reference.,True,low_confidence,0.5780000000000001,,2978.72,neutral
NONE,25.2,2026-01-02,MIDDAY,LEFT,LEFT,2026-01-02,Cash3,CASH3,nan,nan,nan,nan,LANE_A,C3_BX,Cash 3 • Box play – flexible hit if digits land in any order.,308,True,[],False,nan,BOX,nan,Cash3 – Low confidence; Box-only recommended as SKIP/FUN reference.,True,low_confidence,0.5780000000000001,,2978.72,neutral
NONE,25.1,2026-01-05,NIGHT,LEFT,LEFT,2026-01-05,Cash3,CASH3,nan,nan,nan,nan,LANE_A,C3_BX,Cash 3 • Box play – flexible hit if digits land in any order.,204,True,[],False,nan,BOX,nan,Cash3 – Low confidence; Box-only recommended as SKIP/FUN reference.,True,low_confidence,0.5765,,2834.01,neutral
NONE,24.9,2026-01-04,NIGHT,LEFT,LEFT,2026-01-04,Cash4,CASH4,nan,nan,nan,nan,LANE_A,C4_BX,Cash 4 • Box play – pays when the digits appear in any order.,7432,True,[],False,nan,BOX,nan,Cash4 – Low confidence; Box-only recommended as SKIP/FUN reference.,True,low_confidence,0.5735,,2868.85,neutral
NONE,24.6,2026-01-03,MIDDAY,LEFT,LEFT,2026-01-03,Cash3,CASH3,nan,nan,nan,nan,LANE_A,C3_BX,Cash 3 • Box play – flexible hit if digits land in any order.,435,True,[],False,nan,BOX,nan,Cash3 – Low confidence; Box-only recommended as SKIP/FUN reference.,True,low_confidence,0.5690000000000001,,2991.45,neutral
NONE,24.6,2026-01-03,MIDDAY,LEFT,LEFT,2026-01-03,Cash4,CASH4,nan,nan,nan,nan,LANE_A,C4_BX,Cash 4 • Box play – pays when the digits appear in any order.,3184,True,[],True,nan,BOX,nan,Cash4 – Low confidence; Box-only recommended as SKIP/FUN reference.,True,play,0.669,,2991.45,favorable
NONE,24.5,2026-01-03,EVENING,LEFT,LEFT,2026-01-03,Cash3,CASH3,nan,nan,nan,nan,LANE_A,C3_BX,Cash 3 • Box play – flexible hit if digits land in any order.,268,True,[],False,nan,BOX,nan,Cash3 – Low confidence; Box-only recommended as SKIP/FUN reference.,True,low_confidence,0.5675,,2978.72,neutral
NONE,24.2,2026-01-06,EVENING,LEFT,LEFT,2026-01-06,Cash4,CASH4,nan,nan,nan,nan,LANE_A,C4_BX,Cash 4 • Box play – pays when the digits appear in any order.,5956,True,[],False,nan,BOX,nan,Cash4 – Low confidence; Box-only recommended as SKIP/FUN reference.,True,low_confidence,0.563,,3004.29,neutral
NONE,24.0,2026-01-06,EVENING,LEFT,LEFT,2026-01-06,Cash4,CASH4,nan,nan,nan,nan,LANE_A,C4_BX,Cash 4 • Box play – pays when the digits appear in any order.,5983,True,[],False,nan,BOX,nan,Cash4 – Low confidence; Box-only recommended as SKIP/FUN reference.,True,low_confidence,0.56,,3030.3,neutral
NONE,24.0,2026-01-02,EVENING,LEFT,LEFT,2026-01-02,Cash4,CASH4,nan,nan,nan,nan,LANE_A,C4_BX,Cash 4 • Box play – pays when the digits appear in any order.,3725,True,[],False,nan,BOX,nan,Cash4 – Low confidence; Box-only recommended as SKIP/FUN reference.,True,low_confidence,0.56,,3111.11,neutral
NONE,23.8,2026-01-06,EVENING,LEFT,LEFT,2026-01-06,Cash3,CASH3,nan,nan,nan,nan,LANE_A,C3_BX,Cash 3 • Box play – flexible hit if digits land in any order.,810,True,[],False,nan,BOX,nan,Cash3 – Low confidence; Box-only recommended as SKIP/FUN reference.,True,low_confidence,0.557,,3056.77,neutral
NONE,23.7,2026-01-04,MIDDAY,LEFT,LEFT,2026-01-04,Cash4,CASH4,nan,nan,nan,nan,LANE_A,C4_BX,Cash 4 • Box play – pays when the digits appear in any order.,3184,True,[],False,nan,BOX,nan,Cash4 – Low confidence; Box-only recommended as SKIP/FUN reference.,True,low_confidence,0.5555,,3097.35,neutral
NONE,23.4,2026-01-01,NIGHT,LEFT,LEFT,2026-01-01,Cash3,CASH3,nan,nan,nan,nan,LANE_A,C3_BX,Cash 3 • Box play – flexible hit if digits land in any order.,973,True,[],False,nan,BOX,nan,Cash3 – Low confidence; Box-only recommended as SKIP/FUN reference.,True,low_confidence,0.5509999999999999,,3139.01,unfavorable
NONE,23.1,2026-01-03,MIDDAY,LEFT,LEFT,2026-01-03,Cash3,CASH3,nan,nan,nan,nan,LANE_A,C3_BX,Cash 3 • Box play – flexible hit if digits land in any order.,277,True,[],False,nan,BOX,nan,Cash3 – Low confidence; Box-only recommended as SKIP/FUN reference.,True,low_confidence,0.5465,,3211.01,neutral
NONE,22.9,2026-01-03,MIDDAY,LEFT,LEFT,2026-01-03,Cash4,CASH4,nan,nan,nan,nan,LANE_A,C4_BX,Cash 4 • Box play – pays when the digits appear in any order.,8630,True,[],True,nan,BOX,nan,Cash4 – Low confidence; Box-only recommended as SKIP/FUN reference.,True,play,0.6435,,3240.74,favorable
NONE,22.8,2026-01-01,MIDDAY,LEFT,LEFT,2026-01-01,Cash4,CASH4,nan,nan,nan,nan,LANE_A,C4_BX,Cash 4 • Box play – pays when the digits appear in any order.,8158,True,[],False,nan,BOX,nan,Cash4 – Low confidence; Box-only recommended as SKIP/FUN reference.,True,low_confidence,0.542,,3301.89,neutral
NONE,22.6,2026-01-02,NIGHT,LEFT,LEFT,2026-01-02,Cash4,CASH4,nan,nan,nan,nan,LANE_A,C4_BX,Cash 4 • Box play – pays when the digits appear in any order.,9977,True,[],False,nan,BOX,nan,Cash4 – Low confidence; Box-only recommended as SKIP/FUN reference.,True,low_confidence,0.539,,3286.38,neutral
NONE,22.5,2026-01-01,EVENING,LEFT,LEFT,2026-01-01,Cash4,CASH4,nan,nan,nan,nan,LANE_A,C4_BX,Cash 4 • Box play – pays when the digits appear in any order.,3156,True,[],False,nan,BOX,nan,Cash4 – Low confidence; Box-only recommended as SKIP/FUN reference.,True,low_confidence,0.5375000000000001,,3301.89,neutral
NONE,22.4,2026-01-06,NIGHT,LEFT,LEFT,2026-01-06,Cash3,CASH3,nan,nan,nan,nan,LANE_A,C3_BX,Cash 3 • Box play – flexible hit if digits land in any order.,973,True,[],False,nan,BOX,nan,Cash3 – Low confidence; Box-only recommended as SKIP/FUN reference.,True,low_confidence,0.536,,3211.01,neutral
NONE,22.3,2026-01-03,EVENING,LEFT,LEFT,2026-01-03,Cash3,CASH3,nan,nan,nan,nan,LANE_A,C3_BX,Cash 3 • Box play – flexible hit if digits land in any order.,858,True,[],False,nan,BOX,nan,Cash3 – Low confidence; Box-only recommended as SKIP/FUN reference.,True,low_confidence,0.5345,,3286.38,neutral
NONE,22.3,2026-01-05,EVENING,LEFT,LEFT,2026-01-05,Cash3,CASH3,nan,nan,nan,nan,LANE_A,C3_BX,Cash 3 • Box play – flexible hit if digits land in any order.,810,True,[],False,nan,BOX,nan,Cash3 – Low confidence; Box-only recommended as SKIP/FUN reference.,True,low_confidence,0.5345,,3240.74,neutral
NONE,21.9,2026-01-06,MIDDAY,LEFT,LEFT,2026-01-06,Cash4,CASH4,nan,nan,nan,nan,LANE_A,C4_BX,Cash 4 • Box play – pays when the digits appear in any order.,8158,True,[],False,nan,BOX,nan,Cash4 – Low confidence; Box-only recommended as SKIP/FUN reference.,True,low_confidence,0.5285,,3365.38,neutral
NONE,21.8,2026-01-02,MIDDAY,LEFT,LEFT,2026-01-02,Cash3,CASH3,nan,nan,nan,nan,LANE_A,C3_BX,Cash 3 • Box play – flexible hit if digits land in any order.,799,True,[],False,nan,BOX,nan,Cash3 – Low confidence; Box-only recommended as SKIP/FUN reference.,True,low_confidence,0.527,,3500.0,neutral
NONE,21.6,2026-01-01,EVENING,LEFT,LEFT,2026-01-01,Cash4,CASH4,nan,nan,nan,nan,LANE_A,C4_BX,Cash 4 • Box play – pays when the digits appear in any order.,3725,True,[],False,nan,BOX,nan,Cash4 – Low confidence; Box-only recommended as SKIP/FUN reference.,True,low_confidence,0.524,,3448.28,neutral
NONE,21.6,2026-01-01,MIDDAY,LEFT,LEFT,2026-01-01,Cash4,CASH4,nan,nan,nan,nan,LANE_A,C4_BX,Cash 4 • Box play – pays when the digits appear in any order.,3184,True,[],False,nan,BOX,nan,Cash4 – Low confidence; Box-only recommended as SKIP/FUN reference.,True,low_confidence,0.524,,3500.0,neutral
NONE,21.6,2026-01-01,MIDDAY,LEFT,LEFT,2026-01-01,Cash3,CASH3,nan,nan,nan,nan,LANE_A,C3_BX,Cash 3 • Box play – flexible hit if digits land in any order.,799,True,[],False,nan,BOX,nan,Cash3 – Low confidence; Box-only recommended as SKIP/FUN reference.,True,low_confidence,0.524,,3500.0,unfavorable
NONE,21.5,2026-01-02,EVENING,LEFT,LEFT,2026-01-02,Cash3,CASH3,nan,nan,nan,nan,LANE_A,C3_BX,Cash 3 • Box play – flexible hit if digits land in any order.,858,True,[],False,nan,BOX,nan,Cash3 – Low confidence; Box-only recommended as SKIP/FUN reference.,True,low_confidence,0.5225,,3500.0,neutral
NONE,21.4,2026-01-04,NIGHT,LEFT,LEFT,2026-01-04,Cash4,CASH4,nan,nan,nan,nan,LANE_A,C4_BX,Cash 4 • Box play – pays when the digits appear in any order.,8692,True,[],False,nan,BOX,nan,Cash4 – Low confidence; Box-only recommended as SKIP/FUN reference.,True,low_confidence,0.521,,3349.28,neutral
NONE,21.3,2026-01-01,EVENING,LEFT,LEFT,2026-01-01,Cash3,CASH3,nan,nan,nan,nan,LANE_A,C3_BX,Cash 3 • Box play – flexible hit if digits land in any order.,810,True,[],False,nan,BOX,nan,Cash3 – Low confidence; Box-only recommended as SKIP/FUN reference.,True,low_confidence,0.5195000000000001,,3500.0,unfavorable
NONE,21.3,2026-01-01,EVENING,LEFT,LEFT,2026-01-01,Cash3,CASH3,nan,nan,nan,nan,LANE_A,C3_BX,Cash 3 • Box play – flexible hit if digits land in any order.,758,True,[],False,nan,BOX,nan,Cash3 – Low confidence; Box-only recommended as SKIP/FUN reference.,True,low_confidence,0.5195000000000001,,3500.0,unfavorable
NONE,21.2,2026-01-02,NIGHT,LEFT,LEFT,2026-01-02,Cash4,CASH4,nan,nan,nan,nan,LANE_A,C4_BX,Cash 4 • Box play – pays when the digits appear in any order.,3340,True,[],False,nan,BOX,nan,Cash4 – Low confidence; Box-only recommended as SKIP/FUN reference.,True,low_confidence,0.518,,3500.0,neutral
NONE,21.2,2026-01-02,NIGHT,LEFT,LEFT,2026-01-02,Cash3,CASH3,nan,nan,nan,nan,LANE_A,C3_BX,Cash 3 • Box play – flexible hit if digits land in any order.,659,True,[],False,nan,BOX,nan,Cash3 – Low confidence; Box-only recommended as SKIP/FUN reference.,True,low_confidence,0.518,,3500.0,neutral
NONE,21.2,2026-01-04,NIGHT,LEFT,LEFT,2026-01-04,Cash4,CASH4,nan,nan,nan,nan,LANE_A,C4_BX,Cash 4 • Box play – pays when the digits appear in any order.,3099,True,[],False,nan,BOX,nan,Cash4 – Low confidence; Box-only recommended as SKIP/FUN reference.,True,low_confidence,0.518,,3398.06,neutral
NONE,21.2,2026-01-02,NIGHT,LEFT,LEFT,2026-01-02,Cash3,CASH3,nan,nan,nan,nan,LANE_A,C3_BX,Cash 3 • Box play – flexible hit if digits land in any order.,204,True,[],False,nan,BOX,nan,Cash3 – Low confidence; Box-only recommended as SKIP/FUN reference.,True,low_confidence,0.518,,3500.0,neutral
NONE,21.2,2026-01-01,NIGHT,LEFT,LEFT,2026-01-01,Cash4,CASH4,nan,nan,nan,nan,LANE_A,C4_BX,Cash 4 • Box play – pays when the digits appear in any order.,7432,True,[],False,nan,BOX,nan,Cash4 – Low confidence; Box-only recommended as SKIP/FUN reference.,True,low_confidence,0.518,,3465.35,neutral
NONE,21.2,2026-01-02,NIGHT,LEFT,LEFT,2026-01-02,Cash3,CASH3,nan,nan,nan,nan,LANE_A,C3_BX,Cash 3 • Box play – flexible hit if digits land in any order.,346,True,[],False,nan,BOX,nan,Cash3 – Low confidence; Box-only recommended as SKIP/FUN reference.,True,low_confidence,0.518,,3500.0,neutral
NONE,21.2,2026-01-03,MIDDAY,LEFT,LEFT,2026-01-03,Cash4,CASH4,nan,nan,nan,nan,LANE_A,C4_BX,Cash 4 • Box play – pays when the digits appear in any order.,0868,True,[],True,nan,BOX,nan,Cash4 – Low confidence; Box-only recommended as SKIP/FUN reference.,True,play,0.618,,3500.0,favorable
NONE,21.2,2026-01-02,NIGHT,LEFT,LEFT,2026-01-02,Cash3,CASH3,nan,nan,nan,nan,LANE_A,C3_BX,Cash 3 • Box play – flexible hit if digits land in any order.,389,True,[],False,nan,BOX,nan,Cash3 – Low confidence; Box-only recommended as SKIP/FUN reference.,True,low_confidence,0.518,,3500.0,neutral
NONE,21.1,2026-01-06,MIDDAY,LEFT,LEFT,2026-01-06,Cash4,CASH4,nan,nan,nan,nan,LANE_A,C4_BX,Cash 4 • Box play – pays when the digits appear in any order.,9947,True,[],False,nan,BOX,nan,Cash4 – Low confidence; Box-only recommended as SKIP/FUN reference.,True,low_confidence,0.5165,,3500.0,neutral
NONE,21.1,2026-01-01,NIGHT,LEFT,LEFT,2026-01-01,Cash4,CASH4,nan,nan,nan,nan,LANE_A,C4_BX,Cash 4 • Box play – pays when the digits appear in any order.,3340,True,[],False,nan,BOX,nan,Cash4 – Low confidence; Box-only recommended as SKIP/FUN reference.,True,low_confidence,0.5165,,3500.0,neutral
NONE,21.1,2026-01-04,MIDDAY,LEFT,LEFT,2026-01-04,Cash3,CASH3,nan,nan,nan,nan,LANE_A,C3_BX,Cash 3 • Box play – flexible hit if digits land in any order.,308,True,[],False,nan,BOX,nan,Cash3 – Low confidence; Box-only recommended as SKIP/FUN reference.,True,low_confidence,0.5165,,3500.0,neutral
NONE,21.1,2026-01-01,NIGHT,LEFT,LEFT,2026-01-01,Cash3,CASH3,nan,nan,nan,nan,LANE_A,C3_BX,Cash 3 • Box play – flexible hit if digits land in any order.,659,True,[],False,nan,BOX,nan,Cash3 – Low confidence; Box-only recommended as SKIP/FUN reference.,True,low_confidence,0.5165,,3500.0,unfavorable
NONE,21.1,2026-01-06,MIDDAY,LEFT,LEFT,2026-01-06,Cash4,CASH4,nan,nan,nan,nan,LANE_A,C4_BX,Cash 4 • Box play – pays when the digits appear in any order.,0868,True,[],False,nan,BOX,nan,Cash4 – Low confidence; Box-only recommended as SKIP/FUN reference.,True,low_confidence,0.5165,,3500.0,neutral
NONE,21.1,2026-01-06,MIDDAY,LEFT,LEFT,2026-01-06,Cash3,CASH3,nan,nan,nan,nan,LANE_A,C3_BX,Cash 3 • Box play – flexible hit if digits land in any order.,799,True,[],False,nan,BOX,nan,Cash3 – Low confidence; Box-only recommended as SKIP/FUN reference.,True,low_confidence,0.5165,,3500.0,neutral
NONE,21.1,2026-01-06,MIDDAY,LEFT,LEFT,2026-01-06,Cash4,CASH4,nan,nan,nan,nan,LANE_A,C4_BX,Cash 4 • Box play – pays when the digits appear in any order.,8630,True,[],False,nan,BOX,nan,Cash4 – Low confidence; Box-only recommended as SKIP/FUN reference.,True,low_confidence,0.5165,,3500.0,neutral
NONE,20.9,2026-01-06,EVENING,LEFT,LEFT,2026-01-06,Cash4,CASH4,nan,nan,nan,nan,LANE_A,C4_BX,Cash 4 • Box play – pays when the digits appear in any order.,3725,True,[],False,nan,BOX,nan,Cash4 – Low confidence; Box-only recommended as SKIP/FUN reference.,True,low_confidence,0.5135000000000001,,3500.0,neutral
NONE,20.9,2026-01-05,MIDDAY,LEFT,LEFT,2026-01-05,Cash4,CASH4,nan,nan,nan,nan,LANE_A,C4_BX,Cash 4 • Box play – pays when the digits appear in any order.,0868,True,[],False,nan,BOX,nan,Cash4 – Low confidence; Box-only recommended as SKIP/FUN reference.,True,low_confidence,0.5135000000000001,,3500.0,neutral
NONE,20.8,2026-01-03,NIGHT,LEFT,LEFT,2026-01-03,Cash4,CASH4,nan,nan,nan,nan,LANE_A,C4_BX,Cash 4 • Box play – pays when the digits appear in any order.,3099,True,[],False,nan,BOX,nan,Cash4 – Low confidence; Box-only recommended as SKIP/FUN reference.,True,low_confidence,0.612,,3500.0,favorable
NONE,20.8,2026-01-03,NIGHT,LEFT,LEFT,2026-01-03,Cash4,CASH4,nan,nan,nan,nan,LANE_A,C4_BX,Cash 4 • Box play – pays when the digits appear in any order.,7688,True,[],False,nan,BOX,nan,Cash4 – Low confidence; Box-only recommended as SKIP/FUN reference.,True,low_confidence,0.612,,3500.0,favorable
NONE,20.6,2026-01-04,NIGHT,LEFT,LEFT,2026-01-04,Cash3,CASH3,nan,nan,nan,nan,LANE_A,C3_BX,Cash 3 • Box play – flexible hit if digits land in any order.,389,True,[],False,nan,BOX,nan,Cash3 – Low confidence; Box-only recommended as SKIP/FUN reference.,True,low_confidence,0.5090000000000001,,3500.0,neutral
NONE,20.4,2026-01-05,NIGHT,LEFT,LEFT,2026-01-05,Cash4,CASH4,nan,nan,nan,nan,LANE_A,C4_BX,Cash 4 • Box play – pays when the digits appear in any order.,8692,True,[],False,nan,BOX,nan,Cash4 – Low confidence; Box-only recommended as SKIP/FUN reference.,True,low_confidence,0.506,,3500.0,neutral
NONE,20.4,2026-01-05,NIGHT,LEFT,LEFT,2026-01-05,Cash3,CASH3,nan,nan,nan,nan,LANE_A,C3_BX,Cash 3 • Box play – flexible hit if digits land in any order.,659,True,[],False,nan,BOX,nan,Cash3 – Low confidence; Box-only recommended as SKIP/FUN reference.,True,low_confidence,0.506,,3500.0,neutral
NONE,20.4,2026-01-05,NIGHT,LEFT,LEFT,2026-01-05,Cash4,CASH4,nan,nan,nan,nan,LANE_A,C4_BX,Cash 4 • Box play – pays when the digits appear in any order.,3340,True,[],False,nan,BOX,nan,Cash4 – Low confidence; Box-only recommended as SKIP/FUN reference.,True,low_confidence,0.506,,3500.0,neutral
