date,game,session,winning_numbers
1/1/2025,Cash3,EVENING,288
1/1/2025,Cash3,MIDDAY,843
1/1/2025,Cash3,NIGHT,425
1/1/2025,Cash4,EVENING,9601
1/1/2025,Cash4,MIDDAY,6109
1/1/2025,Cash4,NIGHT,8564
1/1/2025,Cash4Life,,10 11 13 18 29 1
1/1/2025,Powerball,,6 12 28 35 66 26
1/2/2025,Cash3,EVENING,681
1/2/2025,Cash3,MIDDAY,692
1/2/2025,Cash3,NIGHT,677
1/2/2025,Cash4,EVENING,6381
1/2/2025,Cash4,MIDDAY,8624
1/2/2025,Cash4,NIGHT,1013
1/2/2025,Cash4Life,,8 27 30 36 47 4
1/3/2025,Cash3,EVENING,503
1/3/2025,Cash3,MIDDAY,047
1/3/2025,Cash3,NIGHT,201
1/3/2025,Cash4,EVENING,87
1/3/2025,Cash4,MIDDAY,197
1/3/2025,Cash4,NIGHT,3630
1/3/2025,Cash4Life,,12 25 28 47 55 1
1/3/2025,Mega Millions,,20 42 46 59 69 19
1/4/2025,Cash3,EVENING,658
1/4/2025,Cash3,MIDDAY,369
1/4/2025,Cash3,NIGHT,430
1/4/2025,Cash4,EVENING,3910
1/4/2025,Cash4,MIDDAY,3009
1/4/2025,Cash4,NIGHT,8799
1/4/2025,Cash4Life,,1 21 24 32 46 1
1/4/2025,Powerball,,26 32 43 54 56 24
1/5/2025,Cash3,EVENING,631
1/5/2025,Cash3,MIDDAY,668
1/5/2025,Cash3,NIGHT,716
1/5/2025,Cash4,EVENING,3338
1/5/2025,Cash4,MIDDAY,2847
1/5/2025,Cash4,NIGHT,3356
1/5/2025,Cash4Life,,2 6 17 46 57 2
1/6/2025,Cash3,EVENING,593
1/6/2025,Cash3,MIDDAY,569
1/6/2025,Cash3,NIGHT,198
1/6/2025,Cash4,EVENING,5573
1/6/2025,Cash4,MIDDAY,1566
1/6/2025,Cash4,NIGHT,7615
1/6/2025,Cash4Life,,14 15 16 22 59 2
1/6/2025,Powerball,,17 34 46 66 67 14
1/7/2025,Cash3,EVENING,907
1/7/2025,Cash3,MIDDAY,198
1/7/2025,Cash3,NIGHT,135
1/7/2025,Cash4,EVENING,4794
1/7/2025,Cash4,MIDDAY,8938
1/7/2025,Cash4,NIGHT,6835
1/7/2025,Cash4Life,,5 22 24 53 56 4
1/7/2025,Mega Millions,,20 24 33 39 48 18
1/8/2025,Cash3,EVENING,293
1/8/2025,Cash3,MIDDAY,925
1/8/2025,Cash3,NIGHT,2
1/8/2025,Cash3,NIGHT,002
1/8/2025,Cash4,EVENING,9007
1/8/2025,Cash4,MIDDAY,7960
1/8/2025,Cash4,NIGHT,4112
1/8/2025,Cash4Life,,3 4 10 36 56 4
1/8/2025,Powerball,,1 20 36 38 43 24
1/9/2025,Cash3,EVENING,636
1/9/2025,Cash3,MIDDAY,71
1/9/2025,Cash3,MIDDAY,071
1/9/2025,Cash3,NIGHT,746
1/9/2025,Cash4,EVENING,4545
1/9/2025,Cash4,MIDDAY,5189
1/9/2025,Cash4,NIGHT,4211
1/9/2025,Cash4Life,,3 6 18 30 40 2
1/10/2025,Cash3,EVENING,672
1/10/2025,Cash3,MIDDAY,825
1/10/2025,Cash3,NIGHT,179
1/10/2025,Cash4,EVENING,3773
1/10/2025,Cash4,MIDDAY,3445
1/10/2025,Cash4,NIGHT,4351
1/10/2025,Cash4Life,,9 37 44 46 48 1
1/10/2025,Mega Millions,,9 23 39 65 66 22
1/11/2025,Cash3,EVENING,462
1/11/2025,Cash3,MIDDAY,755
1/11/2025,Cash3,NIGHT,191
1/11/2025,Cash4,EVENING,4455
1/11/2025,Cash4,MIDDAY,9065
1/11/2025,Cash4,NIGHT,5809
1/11/2025,Cash4Life,,18 23 27 28 60 4
1/11/2025,Powerball,,3 6 32 37 65 4
1/12/2025,Cash3,EVENING,454
1/12/2025,Cash3,MIDDAY,106
1/12/2025,Cash3,NIGHT,559
1/12/2025,Cash4,EVENING,7064
1/12/2025,Cash4,MIDDAY,7016
1/12/2025,Cash4,NIGHT,6974
1/12/2025,Cash4Life,,2 35 43 55 59 4
1/13/2025,Cash3,EVENING,986
1/13/2025,Cash3,MIDDAY,111
1/13/2025,Cash3,NIGHT,260
1/13/2025,Cash4,EVENING,2549
1/13/2025,Cash4,MIDDAY,1315
1/13/2025,Cash4,NIGHT,815
1/13/2025,Cash4Life,,3 7 10 22 49 2
1/13/2025,Powerball,,4 6 16 39 66 9
1/14/2025,Cash3,EVENING,576
1/14/2025,Cash3,MIDDAY,769
1/14/2025,Cash3,NIGHT,164
1/14/2025,Cash4,EVENING,2507
1/14/2025,Cash4,MIDDAY,3925
1/14/2025,Cash4,NIGHT,1096
1/14/2025,Cash4Life,,2 7 17 20 52 3
1/14/2025,Mega Millions,,4 14 35 49 62 6
1/15/2025,Cash3,EVENING,319
1/15/2025,Cash3,MIDDAY,978
1/15/2025,Cash3,NIGHT,612
1/15/2025,Cash4,EVENING,1197
1/15/2025,Cash4,MIDDAY,6526
1/15/2025,Cash4,NIGHT,9729
1/15/2025,Cash4Life,,1 11 25 47 55 4
1/15/2025,Powerball,,8 41 52 53 58 7
1/16/2025,Cash3,EVENING,963
1/16/2025,Cash3,MIDDAY,492
1/16/2025,Cash3,NIGHT,364
1/16/2025,Cash4,EVENING,4352
1/16/2025,Cash4,MIDDAY,9105
1/16/2025,Cash4,NIGHT,6681
1/16/2025,Cash4Life,,15 22 38 44 58 1
1/17/2025,Cash3,EVENING,648
1/17/2025,Cash3,MIDDAY,258
1/17/2025,Cash3,NIGHT,531
1/17/2025,Cash4,EVENING,7698
1/17/2025,Cash4,MIDDAY,7126
1/17/2025,Cash4,NIGHT,151
1/17/2025,Cash4Life,,13 14 24 26 57 1
1/17/2025,Mega Millions,,8 10 37 54 69 22
1/18/2025,Cash3,EVENING,22
1/18/2025,Cash3,EVENING,022
1/18/2025,Cash3,MIDDAY,397
1/18/2025,Cash3,NIGHT,445
1/18/2025,Cash4,EVENING,9948
1/18/2025,Cash4,MIDDAY,3680
1/18/2025,Cash4,NIGHT,1751
1/18/2025,Cash4Life,,4 21 22 25 41 1
1/18/2025,Powerball,,14 31 35 64 69 23
1/19/2025,Cash3,EVENING,370
1/19/2025,Cash3,MIDDAY,887
1/19/2025,Cash3,NIGHT,550
1/19/2025,Cash4,EVENING,1361
1/19/2025,Cash4,MIDDAY,2124
1/19/2025,Cash4,NIGHT,727
1/19/2025,Cash4Life,,35 48 53 54 59 2
1/20/2025,Cash3,EVENING,663
1/20/2025,Cash3,MIDDAY,721
1/20/2025,Cash3,NIGHT,418
1/20/2025,Cash4,EVENING,6080
1/20/2025,Cash4,MIDDAY,2948
1/20/2025,Cash4,NIGHT,1324
1/20/2025,Cash4Life,,3 19 23 35 36 3
1/20/2025,Powerball,,15 16 32 47 54 6
1/21/2025,Cash3,EVENING,143
1/21/2025,Cash3,MIDDAY,679
1/21/2025,Cash3,NIGHT,277
1/21/2025,Cash4,EVENING,7155
1/21/2025,Cash4,MIDDAY,4692
1/21/2025,Cash4,NIGHT,2608
1/21/2025,Cash4Life,,8 17 27 54 57 1
1/21/2025,Mega Millions,,27 30 56 64 65 22
1/22/2025,Cash3,EVENING,602
1/22/2025,Cash3,MIDDAY,5
1/22/2025,Cash3,MIDDAY,005
1/22/2025,Cash3,NIGHT,864
1/22/2025,Cash4,EVENING,7872
1/22/2025,Cash4,MIDDAY,5980
1/22/2025,Cash4,NIGHT,371
1/22/2025,Cash4Life,,4 7 20 45 56 1
1/22/2025,Powerball,,5 6 27 40 49 5
1/23/2025,Cash3,EVENING,637
1/23/2025,Cash3,MIDDAY,320
1/23/2025,Cash3,NIGHT,958
1/23/2025,Cash4,EVENING,9980
1/23/2025,Cash4,MIDDAY,6651
1/23/2025,Cash4,NIGHT,3618
1/23/2025,Cash4Life,,9 30 40 42 57 3
1/24/2025,Cash3,EVENING,428
1/24/2025,Cash3,MIDDAY,281
1/24/2025,Cash3,NIGHT,103
1/24/2025,Cash4,EVENING,5257
1/24/2025,Cash4,MIDDAY,6739
1/24/2025,Cash4,NIGHT,3471
1/24/2025,Cash4Life,,18 22 31 33 40 3
1/24/2025,Mega Millions,,8 12 43 52 62 18
1/25/2025,Cash3,EVENING,575
1/25/2025,Cash3,MIDDAY,694
1/25/2025,Cash3,NIGHT,326
1/25/2025,Cash4,EVENING,6287
1/25/2025,Cash4,MIDDAY,6535
1/25/2025,Cash4,NIGHT,5806
1/25/2025,Cash4Life,,5 30 33 45 57 3
1/25/2025,Powerball,,8 15 17 53 66 14
1/26/2025,Cash3,EVENING,225
1/26/2025,Cash3,MIDDAY,983
1/26/2025,Cash3,NIGHT,372
1/26/2025,Cash4,EVENING,4146
1/26/2025,Cash4,MIDDAY,8814
1/26/2025,Cash4,NIGHT,3346
1/26/2025,Cash4Life,,31 35 43 50 51 2
1/27/2025,Cash3,EVENING,793
1/27/2025,Cash3,MIDDAY,114
1/27/2025,Cash3,NIGHT,692
1/27/2025,Cash4,EVENING,8540
1/27/2025,Cash4,MIDDAY,4317
1/27/2025,Cash4,NIGHT,851
1/27/2025,Cash4Life,,8 15 42 50 51 3
1/27/2025,Powerball,,2 40 47 53 55 20
1/28/2025,Cash3,EVENING,67
1/28/2025,Cash3,EVENING,067
1/28/2025,Cash3,MIDDAY,778
1/28/2025,Cash3,NIGHT,670
1/28/2025,Cash4,EVENING,2253
1/28/2025,Cash4,MIDDAY,8049
1/28/2025,Cash4,NIGHT,9877
1/28/2025,Cash4Life,,22 40 45 54 60 1
1/28/2025,Mega Millions,,10 19 31 47 56 6
1/29/2025,Cash3,EVENING,92
1/29/2025,Cash3,EVENING,092
1/29/2025,Cash3,MIDDAY,698
1/29/2025,Cash3,NIGHT,940
1/29/2025,Cash4,EVENING,4321
1/29/2025,Cash4,MIDDAY,8162
1/29/2025,Cash4,NIGHT,4881
1/29/2025,Cash4Life,,8 32 40 41 56 1
1/29/2025,Powerball,,8 12 31 33 38 18
1/30/2025,Cash3,EVENING,64
1/30/2025,Cash3,EVENING,064
1/30/2025,Cash3,MIDDAY,278
1/30/2025,Cash3,NIGHT,892
1/30/2025,Cash4,EVENING,2231
1/30/2025,Cash4,MIDDAY,3711
1/30/2025,Cash4,NIGHT,3106
1/30/2025,Cash4Life,,6 10 38 53 54 2
1/31/2025,Cash3,EVENING,343
1/31/2025,Cash3,MIDDAY,116
1/31/2025,Cash3,NIGHT,527
1/31/2025,Cash4,EVENING,7156
1/31/2025,Cash4,MIDDAY,3587
1/31/2025,Cash4,NIGHT,4783
1/31/2025,Cash4Life,,13 15 28 32 46 3
1/31/2025,Mega Millions,,9 28 48 56 63 2
2/1/2025,Cash3,EVENING,453
2/1/2025,Cash3,MIDDAY,49
2/1/2025,Cash3,MIDDAY,049
2/1/2025,Cash3,NIGHT,125
2/1/2025,Cash4,EVENING,1730
2/1/2025,Cash4,MIDDAY,4508
2/1/2025,Cash4,NIGHT,1253
2/1/2025,Cash4Life,,7 17 31 33 34 2
2/1/2025,Powerball,,23 29 32 49 61 8
2/2/2025,Cash3,EVENING,337
2/2/2025,Cash3,MIDDAY,950
2/2/2025,Cash3,NIGHT,68
2/2/2025,Cash3,NIGHT,068
2/2/2025,Cash4,EVENING,4813
2/2/2025,Cash4,MIDDAY,4683
2/2/2025,Cash4,NIGHT,8075
2/2/2025,Cash4Life,,6 29 33 49 52 2
2/3/2025,Cash3,EVENING,723
2/3/2025,Cash3,MIDDAY,551
2/3/2025,Cash3,NIGHT,375
2/3/2025,Cash4,EVENING,3386
2/3/2025,Cash4,MIDDAY,335
2/3/2025,Cash4,NIGHT,273
2/3/2025,Cash4Life,,8 9 15 25 46 1
2/3/2025,Powerball,,12 37 47 54 60 17
2/4/2025,Cash3,EVENING,555
2/4/2025,Cash3,MIDDAY,254
2/4/2025,Cash3,NIGHT,216
2/4/2025,Cash4,EVENING,8853
2/4/2025,Cash4,MIDDAY,7502
2/4/2025,Cash4,NIGHT,8901
2/4/2025,Cash4Life,,16 19 22 26 35 4
2/4/2025,Mega Millions,,14 24 31 53 54 1
2/5/2025,Cash3,EVENING,825
2/5/2025,Cash3,MIDDAY,896
2/5/2025,Cash3,NIGHT,733
2/5/2025,Cash4,EVENING,3360
2/5/2025,Cash4,MIDDAY,2812
2/5/2025,Cash4,NIGHT,795
2/5/2025,Cash4Life,,17 27 29 36 46 3
2/5/2025,Powerball,,19 27 30 50 62 14
2/6/2025,Cash3,EVENING,27
2/6/2025,Cash3,EVENING,027
2/6/2025,Cash3,MIDDAY,533
2/6/2025,Cash3,NIGHT,284
2/6/2025,Cash4,EVENING,4245
2/6/2025,Cash4,MIDDAY,5137
2/6/2025,Cash4,NIGHT,9523
2/6/2025,Cash4Life,,22 30 38 47 58 4
2/7/2025,Cash3,EVENING,452
2/7/2025,Cash3,MIDDAY,742
2/7/2025,Cash3,NIGHT,957
2/7/2025,Cash4,EVENING,5311
2/7/2025,Cash4,MIDDAY,4280
2/7/2025,Cash4,NIGHT,1102
2/7/2025,Cash4Life,,10 22 23 31 39 2
2/7/2025,Mega Millions,,4 24 32 41 55 16
2/8/2025,Cash3,EVENING,811
2/8/2025,Cash3,MIDDAY,314
2/8/2025,Cash3,NIGHT,428
2/8/2025,Cash4,EVENING,4595
2/8/2025,Cash4,MIDDAY,7154
2/8/2025,Cash4,NIGHT,5121
2/8/2025,Cash4Life,,9 13 43 51 57 2
2/8/2025,Powerball,,23 44 57 60 62 9
2/9/2025,Cash3,EVENING,212
2/9/2025,Cash3,MIDDAY,508
2/9/2025,Cash3,NIGHT,621
2/9/2025,Cash4,EVENING,2144
2/9/2025,Cash4,MIDDAY,5975
2/9/2025,Cash4,NIGHT,7176
2/9/2025,Cash4Life,,18 19 27 51 53 1
2/10/2025,Cash3,EVENING,332
2/10/2025,Cash3,MIDDAY,322
2/10/2025,Cash3,NIGHT,136
2/10/2025,Cash4,EVENING,7631
2/10/2025,Cash4,MIDDAY,9481
2/10/2025,Cash4,NIGHT,482
2/10/2025,Cash4Life,,13 15 17 20 55 3
2/10/2025,Powerball,,2 17 18 29 43 3
2/11/2025,Cash3,EVENING,562
2/11/2025,Cash3,MIDDAY,964
2/11/2025,Cash3,NIGHT,653
2/11/2025,Cash4,EVENING,4845
2/11/2025,Cash4,MIDDAY,7477
2/11/2025,Cash4,NIGHT,9088
2/11/2025,Cash4Life,,1 10 14 22 33 1
2/11/2025,Mega Millions,,7 30 39 41 70 13
2/12/2025,Cash3,EVENING,279
2/12/2025,Cash3,MIDDAY,624
2/12/2025,Cash3,NIGHT,357
2/12/2025,Cash4,EVENING,1818
2/12/2025,Cash4,MIDDAY,3885
2/12/2025,Cash4,NIGHT,2221
2/12/2025,Cash4Life,,20 24 34 49 58 1
2/12/2025,Powerball,,21 32 36 45 49 18
2/13/2025,Cash3,EVENING,634
2/13/2025,Cash3,MIDDAY,136
2/13/2025,Cash3,NIGHT,489
2/13/2025,Cash4,EVENING,8850
2/13/2025,Cash4,MIDDAY,1873
2/13/2025,Cash4,NIGHT,5788
2/13/2025,Cash4Life,,25 54 57 58 59 1
2/14/2025,Cash3,EVENING,140
2/14/2025,Cash3,MIDDAY,863
2/14/2025,Cash3,NIGHT,487
2/14/2025,Cash4,EVENING,9209
2/14/2025,Cash4,MIDDAY,300
2/14/2025,Cash4,NIGHT,60
2/14/2025,Cash4Life,,8 34 48 52 58 2
2/14/2025,Mega Millions,,11 19 31 49 56 16
2/15/2025,Cash3,EVENING,293
2/15/2025,Cash3,MIDDAY,717
2/15/2025,Cash3,NIGHT,189
2/15/2025,Cash4,EVENING,2842
2/15/2025,Cash4,MIDDAY,7185
2/15/2025,Cash4,NIGHT,6800
2/15/2025,Cash4Life,,8 31 34 41 52 4
2/15/2025,Powerball,,3 16 45 54 56 12
2/16/2025,Cash3,EVENING,828
2/16/2025,Cash3,MIDDAY,047
2/16/2025,Cash3,NIGHT,959
2/16/2025,Cash4,EVENING,2468
2/16/2025,Cash4,MIDDAY,7793
2/16/2025,Cash4,NIGHT,2960
2/16/2025,Cash4Life,,4 22 24 39 46 2
2/17/2025,Cash3,EVENING,469
2/17/2025,Cash3,MIDDAY,395
2/17/2025,Cash3,NIGHT,678
2/17/2025,Cash4,EVENING,5056
2/17/2025,Cash4,MIDDAY,9478
2/17/2025,Cash4,NIGHT,2444
2/17/2025,Cash4Life,,4 9 31 32 39 4
2/17/2025,Powerball,,4 44 47 52 57 9
2/18/2025,Cash3,EVENING,974
2/18/2025,Cash3,MIDDAY,4
2/18/2025,Cash3,MIDDAY,004
2/18/2025,Cash3,NIGHT,631
2/18/2025,Cash4,EVENING,6209
2/18/2025,Cash4,MIDDAY,8706
2/18/2025,Cash4,NIGHT,6300
2/18/2025,Cash4Life,,15 17 25 44 45 1
2/18/2025,Mega Millions,,1 20 25 58 61 22
2/19/2025,Cash3,EVENING,619
2/19/2025,Cash3,MIDDAY,625
2/19/2025,Cash3,NIGHT,955
2/19/2025,Cash4,EVENING,2383
2/19/2025,Cash4,MIDDAY,3078
2/19/2025,Cash4,NIGHT,4990
2/19/2025,Cash4Life,,13 21 29 38 57 2
2/19/2025,Powerball,,6 21 28 49 60 20
2/20/2025,Cash3,EVENING,891
2/20/2025,Cash3,MIDDAY,573
2/20/2025,Cash3,NIGHT,990
2/20/2025,Cash4,EVENING,2459
2/20/2025,Cash4,MIDDAY,296
2/20/2025,Cash4,NIGHT,5638
2/20/2025,Cash4Life,,6 18 20 36 56 2
2/21/2025,Cash3,EVENING,641
2/21/2025,Cash3,MIDDAY,438
2/21/2025,Cash3,NIGHT,886
2/21/2025,Cash4,EVENING,945
2/21/2025,Cash4,MIDDAY,492
2/21/2025,Cash4,NIGHT,1522
2/21/2025,Cash4Life,,20 24 36 45 53 3
2/21/2025,Mega Millions,,1 13 28 37 46 10
2/22/2025,Cash3,EVENING,435
2/22/2025,Cash3,MIDDAY,395
2/22/2025,Cash3,NIGHT,396
2/22/2025,Cash4,EVENING,3199
2/22/2025,Cash4,MIDDAY,4158
2/22/2025,Cash4,NIGHT,807
2/22/2025,Cash4Life,,4 29 39 40 45 2
2/22/2025,Powerball,,7 18 22 50 65 15
2/23/2025,Cash3,EVENING,67
2/23/2025,Cash3,EVENING,067
2/23/2025,Cash3,MIDDAY,118
2/23/2025,Cash3,NIGHT,618
2/23/2025,Cash4,EVENING,7094
2/23/2025,Cash4,MIDDAY,5875
2/23/2025,Cash4,NIGHT,8173
2/23/2025,Cash4Life,,1 7 11 30 37 3
2/24/2025,Cash3,EVENING,935
2/24/2025,Cash3,MIDDAY,906
2/24/2025,Cash3,NIGHT,242
2/24/2025,Cash4,EVENING,4992
2/24/2025,Cash4,MIDDAY,5006
2/24/2025,Cash4,NIGHT,3001
2/24/2025,Cash4Life,,15 36 47 52 56 2
2/24/2025,Powerball,,10 11 34 59 68 14
2/25/2025,Cash3,EVENING,290
2/25/2025,Cash3,MIDDAY,261
2/25/2025,Cash3,NIGHT,942
2/25/2025,Cash4,EVENING,7475
2/25/2025,Cash4,MIDDAY,6211
2/25/2025,Cash4,NIGHT,517
2/25/2025,Cash4Life,,25 34 46 57 59 2
2/25/2025,Mega Millions,,4 8 11 32 52 13
2/26/2025,Cash3,EVENING,612
2/26/2025,Cash3,MIDDAY,698
2/26/2025,Cash3,NIGHT,223
2/26/2025,Cash4,EVENING,5402
2/26/2025,Cash4,MIDDAY,5849
2/26/2025,Cash4,NIGHT,7024
2/26/2025,Cash4Life,,21 33 41 50 55 1
2/26/2025,Powerball,,28 48 55 60 62 20
2/27/2025,Cash3,EVENING,746
2/27/2025,Cash3,MIDDAY,319
2/27/2025,Cash3,NIGHT,273
2/27/2025,Cash4,EVENING,7487
2/27/2025,Cash4,MIDDAY,4909
2/27/2025,Cash4,NIGHT,3904
2/27/2025,Cash4Life,,22 34 40 54 59 1
2/28/2025,Cash3,EVENING,996
2/28/2025,Cash3,MIDDAY,664
2/28/2025,Cash3,NIGHT,278
2/28/2025,Cash4,EVENING,5749
2/28/2025,Cash4,MIDDAY,7979
2/28/2025,Cash4,NIGHT,8445
2/28/2025,Cash4Life,,2 15 23 44 54 1
2/28/2025,Mega Millions,,9 19 30 35 66 16
3/1/2025,Cash3,EVENING,939
3/1/2025,Cash3,MIDDAY,835
3/1/2025,Cash3,NIGHT,583
3/1/2025,Cash4,EVENING,6205
3/1/2025,Cash4,MIDDAY,7606
3/1/2025,Cash4,NIGHT,6749
3/1/2025,Cash4Life,,10 23 54 57 60 4
3/1/2025,Powerball,,2 23 36 44 49 25
3/2/2025,Cash3,EVENING,386
3/2/2025,Cash3,MIDDAY,245
3/2/2025,Cash3,NIGHT,534
3/2/2025,Cash4,EVENING,6833
3/2/2025,Cash4,MIDDAY,3505
3/2/2025,Cash4,NIGHT,9733
3/2/2025,Cash4Life,,19 35 43 45 46 3
3/3/2025,Cash3,EVENING,960
3/3/2025,Cash3,MIDDAY,110
3/3/2025,Cash3,NIGHT,379
3/3/2025,Cash4,EVENING,4100
3/3/2025,Cash4,MIDDAY,3495
3/3/2025,Cash4,NIGHT,328
3/3/2025,Cash4Life,,1 17 27 52 55 1
3/3/2025,Powerball,,18 20 50 52 56 20
3/4/2025,Cash3,EVENING,379
3/4/2025,Cash3,MIDDAY,406
3/4/2025,Cash3,NIGHT,487
3/4/2025,Cash4,EVENING,1313
3/4/2025,Cash4,MIDDAY,5016
3/4/2025,Cash4,NIGHT,5317
3/4/2025,Cash4Life,,11 17 29 52 53 3
3/4/2025,Mega Millions,,14 19 47 52 70 6
3/5/2025,Cash3,EVENING,545
3/5/2025,Cash3,MIDDAY,209
3/5/2025,Cash3,NIGHT,369
3/5/2025,Cash4,EVENING,3481
3/5/2025,Cash4,MIDDAY,6520
3/5/2025,Cash4,NIGHT,405
3/5/2025,Cash4Life,,2 33 43 53 55 2
3/5/2025,Powerball,,24 28 40 63 65 20
3/6/2025,Cash3,EVENING,236
3/6/2025,Cash3,MIDDAY,904
3/6/2025,Cash3,NIGHT,447
3/6/2025,Cash4,EVENING,3213
3/6/2025,Cash4,MIDDAY,9605
3/6/2025,Cash4,NIGHT,3376
3/6/2025,Cash4Life,,7 23 32 39 50 3
3/7/2025,Cash3,EVENING,803
3/7/2025,Cash3,MIDDAY,9
3/7/2025,Cash3,MIDDAY,009
3/7/2025,Cash3,NIGHT,584
3/7/2025,Cash4,EVENING,6370
3/7/2025,Cash4,MIDDAY,5746
3/7/2025,Cash4,NIGHT,8614
3/7/2025,Cash4Life,,5 16 24 41 60 1
3/7/2025,Mega Millions,,8 20 48 58 60 7
3/8/2025,Cash3,EVENING,88
3/8/2025,Cash3,EVENING,088
3/8/2025,Cash3,MIDDAY,772
3/8/2025,Cash3,NIGHT,773
3/8/2025,Cash4,EVENING,5286
3/8/2025,Cash4,MIDDAY,1776
3/8/2025,Cash4,NIGHT,1723
3/8/2025,Cash4Life,,18 25 26 35 40 2
3/8/2025,Powerball,,2 4 16 23 63 13
3/9/2025,Cash3,EVENING,62
3/9/2025,Cash3,EVENING,062
3/9/2025,Cash3,MIDDAY,32
3/9/2025,Cash3,MIDDAY,032
3/9/2025,Cash3,NIGHT,724
3/9/2025,Cash4,EVENING,2914
3/9/2025,Cash4,MIDDAY,4845
3/9/2025,Cash4,NIGHT,9574
3/9/2025,Cash4Life,,12 24 32 38 57 2
3/10/2025,Cash3,EVENING,3
3/10/2025,Cash3,EVENING,003
3/10/2025,Cash3,MIDDAY,915
3/10/2025,Cash3,NIGHT,563
3/10/2025,Cash4,EVENING,7077
3/10/2025,Cash4,MIDDAY,8836
3/10/2025,Cash4,NIGHT,8261
3/10/2025,Cash4Life,,17 22 34 48 53 4
3/10/2025,Powerball,,17 40 47 50 55 6
3/11/2025,Cash3,EVENING,618
3/11/2025,Cash3,MIDDAY,602
3/11/2025,Cash3,NIGHT,895
3/11/2025,Cash4,EVENING,409
3/11/2025,Cash4,MIDDAY,6755
3/11/2025,Cash4,NIGHT,5205
3/11/2025,Cash4Life,,16 23 27 34 39 2
3/11/2025,Mega Millions,,1 19 26 38 69 15
3/12/2025,Cash3,EVENING,968
3/12/2025,Cash3,MIDDAY,505
3/12/2025,Cash3,NIGHT,545
3/12/2025,Cash4,EVENING,6969
3/12/2025,Cash4,MIDDAY,4320
3/12/2025,Cash4,NIGHT,3615
3/12/2025,Cash4Life,,1 2 28 48 57 4
3/12/2025,Powerball,,11 13 28 51 58 1
3/13/2025,Cash3,EVENING,48
3/13/2025,Cash3,EVENING,048
3/13/2025,Cash3,MIDDAY,515
3/13/2025,Cash3,NIGHT,80
3/13/2025,Cash3,NIGHT,080
3/13/2025,Cash4,EVENING,2064
3/13/2025,Cash4,MIDDAY,6411
3/13/2025,Cash4,NIGHT,933
3/13/2025,Cash4Life,,6 8 31 41 45 2
3/14/2025,Cash3,EVENING,708
3/14/2025,Cash3,MIDDAY,980
3/14/2025,Cash3,NIGHT,163
3/14/2025,Cash4,EVENING,8782
3/14/2025,Cash4,MIDDAY,1650
3/14/2025,Cash4,NIGHT,4656
3/14/2025,Cash4Life,,5 33 44 52 59 1
3/14/2025,Mega Millions,,3 17 39 42 70 1
3/15/2025,Cash3,EVENING,674
3/15/2025,Cash3,MIDDAY,149
3/15/2025,Cash3,NIGHT,520
3/15/2025,Cash4,EVENING,9120
3/15/2025,Cash4,MIDDAY,6109
3/15/2025,Cash4,NIGHT,3538
3/15/2025,Cash4Life,,2 17 19 29 41 3
3/15/2025,Powerball,,12 28 33 36 54 5
3/16/2025,Cash3,EVENING,295
3/16/2025,Cash3,MIDDAY,695
3/16/2025,Cash3,NIGHT,991
3/16/2025,Cash4,EVENING,1781
3/16/2025,Cash4,MIDDAY,222
3/16/2025,Cash4,NIGHT,8652
3/16/2025,Cash4Life,,6 31 39 55 60 1
3/17/2025,Cash3,EVENING,358
3/17/2025,Cash3,MIDDAY,476
3/17/2025,Cash3,NIGHT,91
3/17/2025,Cash3,NIGHT,091
3/17/2025,Cash4,EVENING,6856
3/17/2025,Cash4,MIDDAY,7507
3/17/2025,Cash4,NIGHT,306
3/17/2025,Cash4Life,,17 20 27 30 46 2
3/17/2025,Powerball,,11 18 23 38 60 9
3/18/2025,Cash3,EVENING,98
3/18/2025,Cash3,EVENING,098
3/18/2025,Cash3,MIDDAY,79
3/18/2025,Cash3,MIDDAY,079
3/18/2025,Cash3,NIGHT,286
3/18/2025,Cash4,EVENING,4308
3/18/2025,Cash4,MIDDAY,191
3/18/2025,Cash4,NIGHT,382
3/18/2025,Cash4Life,,2 11 15 45 54 3
3/18/2025,Mega Millions,,27 28 31 32 33 24
3/19/2025,Cash3,EVENING,639
3/19/2025,Cash3,MIDDAY,568
3/19/2025,Cash3,NIGHT,702
3/19/2025,Cash4,EVENING,1404
3/19/2025,Cash4,MIDDAY,9506
3/19/2025,Cash4,NIGHT,2032
3/19/2025,Cash4Life,,2 15 26 32 43 1
3/19/2025,Powerball,,8 11 21 49 59 15
3/20/2025,Cash3,EVENING,738
3/20/2025,Cash3,MIDDAY,292
3/20/2025,Cash3,NIGHT,820
3/20/2025,Cash4,EVENING,8564
3/20/2025,Cash4,MIDDAY,3875
3/20/2025,Cash4,NIGHT,5361
3/20/2025,Cash4Life,,2 10 13 25 28 2
3/21/2025,Cash3,EVENING,830
3/21/2025,Cash3,MIDDAY,972
3/21/2025,Cash3,NIGHT,678
3/21/2025,Cash4,EVENING,8885
3/21/2025,Cash4,MIDDAY,4931
3/21/2025,Cash4,NIGHT,5220
3/21/2025,Cash4Life,,1 7 9 11 13 3
3/21/2025,Mega Millions,,15 22 31 52 57 2
3/22/2025,Cash3,EVENING,6
3/22/2025,Cash3,EVENING,006
3/22/2025,Cash3,MIDDAY,878
3/22/2025,Cash3,NIGHT,744
3/22/2025,Cash4,EVENING,5245
3/22/2025,Cash4,MIDDAY,7454
3/22/2025,Cash4,NIGHT,372
3/22/2025,Cash4Life,,14 31 35 47 59 2
3/22/2025,Powerball,,6 7 25 46 57 12
3/23/2025,Cash3,EVENING,788
3/23/2025,Cash3,MIDDAY,508
3/23/2025,Cash3,NIGHT,335
3/23/2025,Cash4,EVENING,8189
3/23/2025,Cash4,MIDDAY,3044
3/23/2025,Cash4,NIGHT,3312
3/23/2025,Cash4Life,,2 8 22 40 54 2
3/24/2025,Cash3,EVENING,968
3/24/2025,Cash3,MIDDAY,238
3/24/2025,Cash3,NIGHT,895
3/24/2025,Cash4,EVENING,8347
3/24/2025,Cash4,MIDDAY,1560
3/24/2025,Cash4,NIGHT,4685
3/24/2025,Cash4Life,,11 37 51 56 58 4
3/24/2025,Powerball,,6 23 35 36 47 12
3/25/2025,Cash3,EVENING,59
3/25/2025,Cash3,EVENING,059
3/25/2025,Cash3,MIDDAY,007
3/25/2025,Cash3,NIGHT,459
3/25/2025,Cash4,EVENING,7533
3/25/2025,Cash4,MIDDAY,4384
3/25/2025,Cash4,NIGHT,1008
3/25/2025,Cash4Life,,11 17 18 19 34 1
3/25/2025,Mega Millions,,1 5 17 39 62 8
3/26/2025,Cash3,EVENING,637
3/26/2025,Cash3,MIDDAY,796
3/26/2025,Cash3,NIGHT,73
3/26/2025,Cash3,NIGHT,073
3/26/2025,Cash4,EVENING,3399
3/26/2025,Cash4,MIDDAY,8866
3/26/2025,Cash4,NIGHT,4386
3/26/2025,Cash4Life,,1 6 17 30 53 4
3/26/2025,Powerball,,5 20 29 39 53 6
3/27/2025,Cash3,EVENING,745
3/27/2025,Cash3,MIDDAY,157
3/27/2025,Cash3,NIGHT,46
3/27/2025,Cash3,NIGHT,046
3/27/2025,Cash4,EVENING,5293
3/27/2025,Cash4,MIDDAY,8233
3/27/2025,Cash4,NIGHT,7886
3/27/2025,Cash4Life,,2 3 12 25 31 4
3/28/2025,Cash3,EVENING,813
3/28/2025,Cash3,MIDDAY,938
3/28/2025,Cash3,NIGHT,431
3/28/2025,Cash4,EVENING,7465
3/28/2025,Cash4,MIDDAY,3887
3/28/2025,Cash4,NIGHT,6030
3/28/2025,Cash4Life,,23 27 36 38 48 4
3/28/2025,Mega Millions,,2 9 31 60 63 23
3/29/2025,Cash3,EVENING,315
3/29/2025,Cash3,MIDDAY,530
3/29/2025,Cash3,NIGHT,294
3/29/2025,Cash4,EVENING,8608
3/29/2025,Cash4,MIDDAY,7968
3/29/2025,Cash4,NIGHT,7120
3/29/2025,Cash4Life,,3 9 27 47 51 3
3/29/2025,Powerball,,7 11 21 53 61 2
3/30/2025,Cash3,EVENING,802
3/30/2025,Cash3,MIDDAY,691
3/30/2025,Cash3,NIGHT,489
3/30/2025,Cash4,EVENING,6482
3/30/2025,Cash4,MIDDAY,2788
3/30/2025,Cash4,NIGHT,7018
3/30/2025,Cash4Life,,8 21 30 33 56 2
3/31/2025,Cash3,EVENING,224
3/31/2025,Cash3,MIDDAY,137
3/31/2025,Cash3,NIGHT,404
3/31/2025,Cash4,EVENING,4574
3/31/2025,Cash4,MIDDAY,1377
3/31/2025,Cash4,NIGHT,8688
3/31/2025,Cash4Life,,15 33 34 53 54 1
3/31/2025,Powerball,,12 41 44 52 64 25
4/1/2025,Cash3,EVENING,881
4/1/2025,Cash3,MIDDAY,869
4/1/2025,Cash3,NIGHT,947
4/1/2025,Cash4,EVENING,6108
4/1/2025,Cash4,MIDDAY,7092
4/1/2025,Cash4,NIGHT,1814
4/1/2025,Cash4Life,,8 11 14 36 51 4
4/1/2025,Mega Millions,,11 12 21 29 49 3
4/2/2025,Cash3,EVENING,350
4/2/2025,Cash3,MIDDAY,286
4/2/2025,Cash3,NIGHT,337
4/2/2025,Cash4,EVENING,8345
4/2/2025,Cash4,MIDDAY,8677
4/2/2025,Cash4,NIGHT,5758
4/2/2025,Cash4Life,,4 6 23 56 59 2
4/2/2025,Powerball,,5 17 41 64 69 1
4/3/2025,Cash3,EVENING,706
4/3/2025,Cash3,MIDDAY,634
4/3/2025,Cash3,NIGHT,640
4/3/2025,Cash4,EVENING,9969
4/3/2025,Cash4,MIDDAY,303
4/3/2025,Cash4,NIGHT,5561
4/3/2025,Cash4Life,,20 24 38 47 52 3
4/4/2025,Cash3,EVENING,261
4/4/2025,Cash3,MIDDAY,532
4/4/2025,Cash3,NIGHT,734
4/4/2025,Cash4,EVENING,7849
4/4/2025,Cash4,MIDDAY,7785
4/4/2025,Cash4,NIGHT,9510
4/4/2025,Cash4Life,,6 22 35 37 48 3
4/4/2025,Mega Millions,,11 28 35 37 69 25
4/5/2025,Cash3,EVENING,602
4/5/2025,Cash3,MIDDAY,810
4/5/2025,Cash3,NIGHT,783
4/5/2025,Cash4,EVENING,2768
4/5/2025,Cash4,MIDDAY,8113
4/5/2025,Cash4,NIGHT,2305
4/5/2025,Cash4Life,,3 22 50 53 55 2
4/5/2025,Powerball,,4 23 30 46 62 2
4/6/2025,Cash3,EVENING,077
4/6/2025,Cash3,MIDDAY,166
4/6/2025,Cash3,NIGHT,989
4/6/2025,Cash4,EVENING,8978
4/6/2025,Cash4,MIDDAY,4890
4/6/2025,Cash4,NIGHT,2116
4/6/2025,Cash4Life,,1 2 29 41 58 4
4/7/2025,Cash3,EVENING,481
4/7/2025,Cash3,MIDDAY,174
4/7/2025,Cash3,NIGHT,709
4/7/2025,Cash4,EVENING,6804
4/7/2025,Cash4,MIDDAY,5407
4/7/2025,Cash4,NIGHT,7079
4/7/2025,Cash4Life,,2 33 46 51 55 2
4/7/2025,Powerball,,20 23 48 59 66 4
4/8/2025,Cash3,EVENING,524
4/8/2025,Cash3,MIDDAY,675
4/8/2025,Cash3,NIGHT,753
4/8/2025,Cash4,EVENING,386
4/8/2025,Cash4,MIDDAY,1424
4/8/2025,Cash4,NIGHT,8481
4/8/2025,Cash4Life,,1 3 5 16 44 4
4/8/2025,Mega Millions,,10 16 50 60 61 17
4/9/2025,Cash3,EVENING,103
4/9/2025,Cash3,MIDDAY,095
4/9/2025,Cash3,NIGHT,940
4/9/2025,Cash4,EVENING,2272
4/9/2025,Cash4,MIDDAY,673
4/9/2025,Cash4,NIGHT,5010
4/9/2025,Cash4Life,,4 12 15 51 53 4
4/9/2025,Powerball,,4 29 37 55 67 10
4/10/2025,Cash3,EVENING,355
4/10/2025,Cash3,MIDDAY,409
4/10/2025,Cash3,NIGHT,391
4/10/2025,Cash4,EVENING,13
4/10/2025,Cash4,MIDDAY,1269
4/10/2025,Cash4,NIGHT,444
4/10/2025,Cash4Life,,5 24 31 49 58 2
4/11/2025,Cash3,EVENING,952
4/11/2025,Cash3,MIDDAY,308
4/11/2025,Cash3,NIGHT,451
4/11/2025,Cash4,EVENING,8661
4/11/2025,Cash4,MIDDAY,9835
4/11/2025,Cash4,NIGHT,3645
4/11/2025,Cash4Life,,12 15 22 24 28 4
4/11/2025,Mega Millions,,15 37 38 56 58 19
4/12/2025,Cash3,EVENING,661
4/12/2025,Cash3,MIDDAY,212
4/12/2025,Cash3,NIGHT,399
4/12/2025,Cash4,EVENING,161
4/12/2025,Cash4,MIDDAY,6713
4/12/2025,Cash4,NIGHT,3455
4/12/2025,Cash4Life,,10 17 32 50 53 3
4/12/2025,Powerball,,16 22 44 45 53 19
4/13/2025,Cash3,EVENING,126
4/13/2025,Cash3,MIDDAY,666
4/13/2025,Cash3,NIGHT,506
4/13/2025,Cash4,EVENING,815
4/13/2025,Cash4,MIDDAY,1362
4/13/2025,Cash4,NIGHT,8507
4/13/2025,Cash4Life,,19 22 23 40 43 3
4/14/2025,Cash3,EVENING,104
4/14/2025,Cash3,MIDDAY,148
4/14/2025,Cash3,NIGHT,464
4/14/2025,Cash4,EVENING,8239
4/14/2025,Cash4,MIDDAY,4753
4/14/2025,Cash4,NIGHT,5683
4/14/2025,Cash4Life,,2 5 24 27 55 4
4/14/2025,Powerball,,3 20 30 52 62 1
4/15/2025,Cash3,EVENING,131
4/15/2025,Cash3,MIDDAY,279
4/15/2025,Cash3,NIGHT,542
4/15/2025,Cash4,EVENING,1569
4/15/2025,Cash4,MIDDAY,1543
4/15/2025,Cash4,NIGHT,5436
4/15/2025,Cash4Life,,16 17 31 58 59 2
4/15/2025,Mega Millions,,6 10 13 24 63 2
4/16/2025,Cash3,EVENING,435
4/16/2025,Cash3,MIDDAY,684
4/16/2025,Cash3,NIGHT,614
4/16/2025,Cash4,EVENING,2033
4/16/2025,Cash4,MIDDAY,9885
4/16/2025,Cash4,NIGHT,4981
4/16/2025,Cash4Life,,3 21 28 42 57 1
4/16/2025,Powerball,,20 24 42 43 49 19
4/17/2025,Cash3,EVENING,084
4/17/2025,Cash3,MIDDAY,274
4/17/2025,Cash3,NIGHT,922
4/17/2025,Cash4,EVENING,5507
4/17/2025,Cash4,MIDDAY,6736
4/17/2025,Cash4,NIGHT,3433
4/17/2025,Cash4Life,,9 18 29 36 54 3
4/18/2025,Cash3,EVENING,153
4/18/2025,Cash3,MIDDAY,349
4/18/2025,Cash3,NIGHT,311
4/18/2025,Cash4,EVENING,6343
4/18/2025,Cash4,MIDDAY,3676
4/18/2025,Cash4,NIGHT,2876
4/18/2025,Cash4Life,,11 34 39 51 58 3
4/18/2025,Mega Millions,,5 13 15 17 28 1
4/19/2025,Cash3,EVENING,613
4/19/2025,Cash3,MIDDAY,747
4/19/2025,Cash3,NIGHT,167
4/19/2025,Cash4,EVENING,2406
4/19/2025,Cash4,MIDDAY,8669
4/19/2025,Cash4,NIGHT,6506
4/19/2025,Cash4Life,,2 19 23 34 51 3
4/19/2025,Powerball,,7 25 37 39 63 1
4/20/2025,Cash3,EVENING,537
4/20/2025,Cash3,MIDDAY,000
4/20/2025,Cash4,EVENING,9547
4/20/2025,Cash4,MIDDAY,9553
4/20/2025,Cash4,NIGHT,3215
4/20/2025,Cash4Life,,8 19 24 32 50 4
4/21/2025,Cash3,EVENING,294
4/21/2025,Cash3,MIDDAY,339
4/21/2025,Cash3,NIGHT,397
4/21/2025,Cash4,EVENING,495
4/21/2025,Cash4,MIDDAY,6089
4/21/2025,Cash4,NIGHT,4755
4/21/2025,Cash4Life,,30 33 43 58 60 1
4/21/2025,Powerball,,4 33 45 46 51 25
4/22/2025,Cash3,EVENING,288
4/22/2025,Cash3,MIDDAY,785
4/22/2025,Cash3,NIGHT,455
4/22/2025,Cash4,EVENING,6659
4/22/2025,Cash4,MIDDAY,3901
4/22/2025,Cash4,NIGHT,6008
4/22/2025,Cash4Life,,3 7 16 26 45 2
4/22/2025,Mega Millions,,25 39 49 52 65 22
4/23/2025,Cash3,EVENING,501
4/23/2025,Cash3,MIDDAY,729
4/23/2025,Cash3,NIGHT,742
4/23/2025,Cash4,EVENING,3431
4/23/2025,Cash4,MIDDAY,5152
4/23/2025,Cash4,NIGHT,4741
4/23/2025,Cash4Life,,4 22 25 42 45 1
4/23/2025,Powerball,,15 44 63 66 69 20
4/24/2025,Cash3,EVENING,267
4/24/2025,Cash3,MIDDAY,933
4/24/2025,Cash3,NIGHT,082
4/24/2025,Cash4,EVENING,8461
4/24/2025,Cash4,MIDDAY,8879
4/24/2025,Cash4,NIGHT,2799
4/24/2025,Cash4Life,,6 23 28 29 47 3
4/25/2025,Cash3,EVENING,300
4/25/2025,Cash3,MIDDAY,847
4/25/2025,Cash3,NIGHT,413
4/25/2025,Cash4,EVENING,2999
4/25/2025,Cash4,MIDDAY,1678
4/25/2025,Cash4,NIGHT,4968
4/25/2025,Cash4Life,,38 46 51 53 56 2
4/25/2025,Mega Millions,,38 40 60 62 70 9
4/26/2025,Cash3,EVENING,983
4/26/2025,Cash3,MIDDAY,974
4/26/2025,Cash3,NIGHT,630
4/26/2025,Cash4,EVENING,9607
4/26/2025,Cash4,MIDDAY,4251
4/26/2025,Cash4,NIGHT,3878
4/26/2025,Cash4Life,,5 31 32 33 34 2
4/26/2025,Powerball,,1 12 14 18 69 2
4/27/2025,Cash3,EVENING,014
4/27/2025,Cash3,MIDDAY,913
4/27/2025,Cash3,NIGHT,269
4/27/2025,Cash4,EVENING,1757
4/27/2025,Cash4,MIDDAY,8562
4/27/2025,Cash4,NIGHT,8721
4/27/2025,Cash4Life,,4 18 31 34 52 4
4/28/2025,Cash3,EVENING,332
4/28/2025,Cash3,MIDDAY,845
4/28/2025,Cash3,NIGHT,141
4/28/2025,Cash4,EVENING,2191
4/28/2025,Cash4,MIDDAY,4102
4/28/2025,Cash4,NIGHT,8659
4/28/2025,Cash4Life,,1 8 13 33 52 4
4/28/2025,Powerball,,26 43 51 56 60 24
4/29/2025,Cash3,EVENING,001
4/29/2025,Cash3,MIDDAY,414
4/29/2025,Cash3,NIGHT,780
4/29/2025,Cash4,EVENING,3330
4/29/2025,Cash4,MIDDAY,8724
4/29/2025,Cash4,NIGHT,4081
4/29/2025,Cash4Life,,8 14 32 54 60 1
4/29/2025,Mega Millions,,16 33 40 51 57 10
4/30/2025,Cash3,EVENING,123
4/30/2025,Cash3,MIDDAY,251
4/30/2025,Cash3,NIGHT,143
4/30/2025,Cash4,EVENING,3946
4/30/2025,Cash4,MIDDAY,9192
4/30/2025,Cash4,NIGHT,6237
4/30/2025,Cash4Life,,8 9 43 55 59 1
4/30/2025,Powerball,,1 2 3 57 59 9
5/1/2025,Cash3,EVENING,631
5/1/2025,Cash3,MIDDAY,040
5/1/2025,Cash3,NIGHT,261
5/1/2025,Cash4,EVENING,4187
5/1/2025,Cash4,MIDDAY,3411
5/1/2025,Cash4,NIGHT,8287
5/1/2025,Cash4Life,,9 20 27 28 39 3
5/2/2025,Cash3,EVENING,741
5/2/2025,Cash3,MIDDAY,250
5/2/2025,Cash3,NIGHT,044
5/2/2025,Cash4,EVENING,4248
5/2/2025,Cash4,MIDDAY,9346
5/2/2025,Cash4,NIGHT,2725
5/2/2025,Cash4Life,,5 47 48 50 58 1
5/2/2025,Mega Millions,,14 37 40 41 68 2
5/3/2025,Cash3,EVENING,738
5/3/2025,Cash3,MIDDAY,407
5/3/2025,Cash3,NIGHT,565
5/3/2025,Cash4,EVENING,5469
5/3/2025,Cash4,MIDDAY,5023
5/3/2025,Cash4,NIGHT,5751
5/3/2025,Cash4Life,,6 35 47 56 59 3
5/3/2025,Powerball,,10 21 23 35 65 24
5/4/2025,Cash3,EVENING,213
5/4/2025,Cash3,MIDDAY,724
5/4/2025,Cash3,NIGHT,097
5/4/2025,Cash4,EVENING,2803
5/4/2025,Cash4,MIDDAY,9556
5/4/2025,Cash4,NIGHT,1998
5/4/2025,Cash4Life,,6 25 33 44 56 1
5/5/2025,Cash3,EVENING,291
5/5/2025,Cash3,MIDDAY,862
5/5/2025,Cash3,NIGHT,788
5/5/2025,Cash4,EVENING,8207
5/5/2025,Cash4,MIDDAY,1474
5/5/2025,Cash4,NIGHT,2827
5/5/2025,Cash4Life,,2 5 8 17 37 4
5/5/2025,Powerball,,16 34 40 45 66 19
5/6/2025,Cash3,EVENING,281
5/6/2025,Cash3,MIDDAY,348
5/6/2025,Cash3,NIGHT,657
5/6/2025,Cash4,EVENING,6736
5/6/2025,Cash4,MIDDAY,5475
5/6/2025,Cash4,NIGHT,7213
5/6/2025,Cash4Life,,8 19 32 44 59 3
5/6/2025,Mega Millions,,16 17 43 46 58 16
5/7/2025,Cash3,EVENING,015
5/7/2025,Cash3,MIDDAY,779
5/7/2025,Cash3,NIGHT,314
5/7/2025,Cash4,EVENING,9633
5/7/2025,Cash4,MIDDAY,4957
5/7/2025,Cash4,NIGHT,770
5/7/2025,Cash4Life,,18 21 24 45 56 4
5/7/2025,Powerball,,14 15 30 40 59 20
5/8/2025,Cash3,EVENING,406
5/8/2025,Cash3,MIDDAY,017
5/8/2025,Cash3,NIGHT,604
5/8/2025,Cash4,EVENING,8855
5/8/2025,Cash4,MIDDAY,2505
5/8/2025,Cash4,NIGHT,674
5/8/2025,Cash4Life,,25 29 30 41 53 2
5/9/2025,Cash3,EVENING,635
5/9/2025,Cash3,MIDDAY,656
5/9/2025,Cash3,NIGHT,792
5/9/2025,Cash4,EVENING,7660
5/9/2025,Cash4,MIDDAY,1220
5/9/2025,Cash4,NIGHT,7136
5/9/2025,Cash4Life,,3 22 28 44 50 4
5/9/2025,Mega Millions,,9 10 12 48 60 16
5/10/2025,Cash3,EVENING,130
5/10/2025,Cash3,MIDDAY,924
5/10/2025,Cash3,NIGHT,337
5/10/2025,Cash4,EVENING,8537
5/10/2025,Cash4,MIDDAY,7352
5/10/2025,Cash4,NIGHT,1292
5/10/2025,Cash4Life,,1 4 37 38 44 2
5/10/2025,Powerball,,5 20 28 39 42 13
5/11/2025,Cash3,EVENING,621
5/11/2025,Cash3,MIDDAY,395
5/11/2025,Cash3,NIGHT,616
5/11/2025,Cash4,EVENING,5961
5/11/2025,Cash4,MIDDAY,7232
5/11/2025,Cash4,NIGHT,3994
5/11/2025,Cash4Life,,7 15 25 34 57 2
5/12/2025,Cash3,EVENING,742
5/12/2025,Cash3,MIDDAY,734
5/12/2025,Cash3,NIGHT,125
5/12/2025,Cash4,EVENING,5364
5/12/2025,Cash4,MIDDAY,7870
5/12/2025,Cash4,NIGHT,526
5/12/2025,Cash4Life,,7 15 23 28 37 1
5/12/2025,Powerball,,15 16 41 48 60 21
5/13/2025,Cash3,EVENING,764
5/13/2025,Cash3,MIDDAY,548
5/13/2025,Cash3,NIGHT,745
5/13/2025,Cash4,EVENING,9440
5/13/2025,Cash4,MIDDAY,7006
5/13/2025,Cash4,NIGHT,2014
5/13/2025,Cash4Life,,7 13 25 32 35 4
5/13/2025,Mega Millions,,6 29 33 47 68 20
5/14/2025,Cash3,EVENING,987
5/14/2025,Cash3,MIDDAY,330
5/14/2025,Cash3,NIGHT,897
5/14/2025,Cash4,EVENING,5518
5/14/2025,Cash4,MIDDAY,8548
5/14/2025,Cash4,NIGHT,5615
5/14/2025,Cash4Life,,2 16 30 42 55 3
5/14/2025,Powerball,,4 10 24 29 53 4
5/15/2025,Cash3,EVENING,860
5/15/2025,Cash3,MIDDAY,316
5/15/2025,Cash3,NIGHT,647
5/15/2025,Cash4,EVENING,4803
5/15/2025,Cash4,MIDDAY,8274
5/15/2025,Cash4,NIGHT,8769
5/15/2025,Cash4Life,,13 22 24 40 51 4
5/16/2025,Cash3,EVENING,178
5/16/2025,Cash3,MIDDAY,557
5/16/2025,Cash3,NIGHT,724
5/16/2025,Cash4,EVENING,6095
5/16/2025,Cash4,MIDDAY,1692
5/16/2025,Cash4,NIGHT,6629
5/16/2025,Cash4Life,,1 21 25 26 36 3
5/16/2025,Mega Millions,,2 22 42 62 66 14
5/17/2025,Cash3,EVENING,243
5/17/2025,Cash3,MIDDAY,439
5/17/2025,Cash3,NIGHT,700
5/17/2025,Cash4,EVENING,4724
5/17/2025,Cash4,MIDDAY,5883
5/17/2025,Cash4,NIGHT,9363
5/17/2025,Cash4Life,,14 17 27 34 55 2
5/17/2025,Powerball,,7 34 40 42 52 15
5/18/2025,Cash3,EVENING,277
5/18/2025,Cash3,MIDDAY,221
5/18/2025,Cash3,NIGHT,276
5/18/2025,Cash4,EVENING,7254
5/18/2025,Cash4,MIDDAY,731
5/18/2025,Cash4,NIGHT,8332
5/18/2025,Cash4Life,,3 9 10 11 40 4
5/19/2025,Cash3,EVENING,380
5/19/2025,Cash3,MIDDAY,611
5/19/2025,Cash3,NIGHT,773
5/19/2025,Cash4,EVENING,79
5/19/2025,Cash4,MIDDAY,4216
5/19/2025,Cash4,NIGHT,674
5/19/2025,Cash4Life,,2 12 36 48 49 1
5/19/2025,Powerball,,13 14 37 50 60 11
5/20/2025,Cash3,EVENING,715
5/20/2025,Cash3,MIDDAY,604
5/20/2025,Cash3,NIGHT,708
5/20/2025,Cash4,EVENING,9596
5/20/2025,Cash4,MIDDAY,7810
5/20/2025,Cash4,NIGHT,5198
5/20/2025,Cash4Life,,3 5 9 20 35 2
5/20/2025,Mega Millions,,18 30 33 55 64 11
5/21/2025,Cash3,EVENING,261
5/21/2025,Cash3,MIDDAY,714
5/21/2025,Cash3,NIGHT,172
5/21/2025,Cash4,EVENING,6740
5/21/2025,Cash4,MIDDAY,9553
5/21/2025,Cash4,NIGHT,9009
5/21/2025,Cash4Life,,8 14 27 43 45 4
5/21/2025,Powerball,,9 29 31 34 43 2
5/22/2025,Cash3,EVENING,599
5/22/2025,Cash3,MIDDAY,201
5/22/2025,Cash3,NIGHT,959
5/22/2025,Cash4,EVENING,7150
5/22/2025,Cash4,MIDDAY,2024
5/22/2025,Cash4,NIGHT,849
5/22/2025,Cash4Life,,10 13 28 37 53 4
5/23/2025,Cash3,EVENING,020
5/23/2025,Cash3,MIDDAY,655
5/23/2025,Cash3,NIGHT,562
5/23/2025,Cash4,EVENING,3504
5/23/2025,Cash4,MIDDAY,751
5/23/2025,Cash4,NIGHT,1452
5/23/2025,Cash4Life,,12 31 37 53 59 1
5/23/2025,Mega Millions,,7 18 40 55 68 18
5/24/2025,Cash3,EVENING,861
5/24/2025,Cash3,MIDDAY,495
5/24/2025,Cash3,NIGHT,256
5/24/2025,Cash4,EVENING,2774
5/24/2025,Cash4,MIDDAY,8327
5/24/2025,Cash4,NIGHT,8575
5/24/2025,Cash4Life,,1 3 11 17 58 2
5/24/2025,Powerball,,12 18 28 48 52 5
5/25/2025,Cash3,EVENING,248
5/25/2025,Cash3,MIDDAY,973
5/25/2025,Cash3,NIGHT,371
5/25/2025,Cash4,EVENING,7039
5/25/2025,Cash4,MIDDAY,3254
5/25/2025,Cash4,NIGHT,3905
5/25/2025,Cash4Life,,1 35 46 53 59 3
5/26/2025,Cash3,EVENING,798
5/26/2025,Cash3,MIDDAY,903
5/26/2025,Cash3,NIGHT,957
5/26/2025,Cash4,EVENING,1124
5/26/2025,Cash4,MIDDAY,6356
5/26/2025,Cash4,NIGHT,7079
5/26/2025,Cash4Life,,5 11 18 30 38 3
5/26/2025,Powerball,,13 47 52 64 67 25
5/27/2025,Cash3,EVENING,007
5/27/2025,Cash3,MIDDAY,240
5/27/2025,Cash3,NIGHT,160
5/27/2025,Cash4,EVENING,441
5/27/2025,Cash4,MIDDAY,4840
5/27/2025,Cash4,NIGHT,3136
5/27/2025,Cash4Life,,8 21 24 28 30 1
5/27/2025,Mega Millions,,6 28 34 48 62 9
5/28/2025,Cash3,EVENING,811
5/28/2025,Cash3,MIDDAY,347
5/28/2025,Cash3,NIGHT,180
5/28/2025,Cash4,EVENING,5904
5/28/2025,Cash4,MIDDAY,9999
5/28/2025,Cash4,NIGHT,9995
5/28/2025,Cash4Life,,11 16 23 30 55 3
5/28/2025,Powerball,,23 27 32 35 59 11
5/29/2025,Cash3,EVENING,640
5/29/2025,Cash3,MIDDAY,850
5/29/2025,Cash3,NIGHT,991
5/29/2025,Cash4,EVENING,2852
5/29/2025,Cash4,MIDDAY,7264
5/29/2025,Cash4,NIGHT,5369
5/29/2025,Cash4Life,,12 19 27 40 48 2
5/30/2025,Cash3,EVENING,329
5/30/2025,Cash3,MIDDAY,368
5/30/2025,Cash3,NIGHT,667
5/30/2025,Cash4,EVENING,530
5/30/2025,Cash4,MIDDAY,3416
5/30/2025,Cash4,NIGHT,5181
5/30/2025,Cash4Life,,8 20 34 50 51 2
5/30/2025,Mega Millions,,2 28 37 38 58 13
5/31/2025,Cash3,EVENING,550
5/31/2025,Cash3,MIDDAY,135
5/31/2025,Cash3,NIGHT,163
5/31/2025,Cash4,EVENING,7564
5/31/2025,Cash4,MIDDAY,4683
5/31/2025,Cash4,NIGHT,801
5/31/2025,Cash4Life,,3 14 45 47 50 2
5/31/2025,Powerball,,1 29 37 56 68 13
6/1/2025,Cash3,EVENING,996
6/1/2025,Cash3,MIDDAY,021
6/1/2025,Cash3,NIGHT,380
6/1/2025,Cash4,EVENING,1675
6/1/2025,Cash4,MIDDAY,961
6/1/2025,Cash4,NIGHT,2563
6/1/2025,Cash4Life,,8 9 26 32 58 2
6/2/2025,Cash3,EVENING,583
6/2/2025,Cash3,MIDDAY,607
6/2/2025,Cash3,NIGHT,740
6/2/2025,Cash4,EVENING,5575
6/2/2025,Cash4,MIDDAY,8929
6/2/2025,Cash4,NIGHT,2622
6/2/2025,Cash4Life,,14 25 30 36 44 3
6/2/2025,Powerball,,1 7 44 57 61 21
6/3/2025,Cash3,EVENING,979
6/3/2025,Cash3,MIDDAY,272
6/3/2025,Cash3,NIGHT,292
6/3/2025,Cash4,EVENING,631
6/3/2025,Cash4,MIDDAY,2398
6/3/2025,Cash4,NIGHT,417
6/3/2025,Cash4Life,,5 19 31 37 55 2
6/3/2025,Mega Millions,,16 24 29 36 45 13
6/4/2025,Cash3,EVENING,084
6/4/2025,Cash3,MIDDAY,537
6/4/2025,Cash3,NIGHT,110
6/4/2025,Cash4,EVENING,515
6/4/2025,Cash4,MIDDAY,3618
6/4/2025,Cash4,NIGHT,8996
6/4/2025,Cash4Life,,10 11 21 45 53 1
6/4/2025,Powerball,,5 17 23 35 45 24
6/5/2025,Cash3,EVENING,346
6/5/2025,Cash3,MIDDAY,048
6/5/2025,Cash3,NIGHT,138
6/5/2025,Cash4,EVENING,1279
6/5/2025,Cash4,MIDDAY,6182
6/5/2025,Cash4,NIGHT,9215
6/5/2025,Cash4Life,,6 8 22 34 59 2
6/6/2025,Cash3,MIDDAY,444
6/6/2025,Cash3,NIGHT,893
6/6/2025,Cash4,EVENING,9574
6/6/2025,Cash4,MIDDAY,8725
6/6/2025,Cash4,NIGHT,5261
6/6/2025,Cash4Life,,3 6 15 26 29 4
6/6/2025,Mega Millions,,16 40 54 56 57 3
6/7/2025,Cash3,EVENING,358
6/7/2025,Cash3,MIDDAY,787
6/7/2025,Cash3,NIGHT,732
6/7/2025,Cash4,EVENING,8379
6/7/2025,Cash4,MIDDAY,1620
6/7/2025,Cash4,NIGHT,5809
6/7/2025,Cash4Life,,6 37 41 47 58 1
6/7/2025,Powerball,,31 36 43 48 62 25
6/8/2025,Cash3,EVENING,004
6/8/2025,Cash3,MIDDAY,837
6/8/2025,Cash3,NIGHT,124
6/8/2025,Cash4,EVENING,5930
6/8/2025,Cash4,MIDDAY,8567
6/8/2025,Cash4,NIGHT,9188
6/8/2025,Cash4Life,,2 5 45 48 49 2
6/9/2025,Cash3,EVENING,638
6/9/2025,Cash3,MIDDAY,383
6/9/2025,Cash3,NIGHT,018
6/9/2025,Cash4,EVENING,4962
6/9/2025,Cash4,MIDDAY,9027
6/9/2025,Cash4,NIGHT,5971
6/9/2025,Cash4Life,,6 8 28 57 60 3
6/9/2025,Powerball,,30 33 40 43 52 25
6/10/2025,Cash3,EVENING,233
6/10/2025,Cash3,MIDDAY,230
6/10/2025,Cash3,NIGHT,841
6/10/2025,Cash4,EVENING,7807
6/10/2025,Cash4,MIDDAY,8496
6/10/2025,Cash4,NIGHT,5339
6/10/2025,Cash4Life,,8 9 35 41 46 2
6/10/2025,Mega Millions,,10 11 14 38 45 24
6/11/2025,Cash3,EVENING,740
6/11/2025,Cash3,MIDDAY,906
6/11/2025,Cash3,NIGHT,533
6/11/2025,Cash4,EVENING,7397
6/11/2025,Cash4,MIDDAY,6858
6/11/2025,Cash4,NIGHT,7027
6/11/2025,Cash4Life,,4 18 28 31 38 1
6/11/2025,Powerball,,13 25 29 37 53 3
6/12/2025,Cash3,EVENING,693
6/12/2025,Cash3,MIDDAY,290
6/12/2025,Cash3,NIGHT,148
6/12/2025,Cash4,EVENING,305
6/12/2025,Cash4,MIDDAY,6634
6/12/2025,Cash4,NIGHT,4081
6/12/2025,Cash4Life,,9 16 19 22 34 1
6/13/2025,Cash3,EVENING,734
6/13/2025,Cash3,MIDDAY,950
6/13/2025,Cash3,NIGHT,610
6/13/2025,Cash4,EVENING,7959
6/13/2025,Cash4,MIDDAY,8892
6/13/2025,Cash4,NIGHT,3746
6/13/2025,Cash4Life,,13 34 38 40 55 3
6/13/2025,Mega Millions,,8 10 22 40 47 1
6/14/2025,Cash3,EVENING,824
6/14/2025,Cash3,MIDDAY,101
6/14/2025,Cash3,NIGHT,240
6/14/2025,Cash4,EVENING,8103
6/14/2025,Cash4,MIDDAY,8523
6/14/2025,Cash4,NIGHT,8925
6/14/2025,Cash4Life,,12 25 33 44 51 1
6/14/2025,Powerball,,4 6 9 23 59 25
6/15/2025,Cash3,EVENING,464
6/15/2025,Cash3,MIDDAY,767
6/15/2025,Cash3,NIGHT,083
6/15/2025,Cash4,EVENING,8132
6/15/2025,Cash4,MIDDAY,9172
6/15/2025,Cash4,NIGHT,1101
6/15/2025,Cash4Life,,5 21 23 26 50 4
6/16/2025,Cash3,EVENING,550
6/16/2025,Cash3,MIDDAY,116
6/16/2025,Cash3,NIGHT,556
6/16/2025,Cash4,EVENING,5090
6/16/2025,Cash4,MIDDAY,7067
6/16/2025,Cash4,NIGHT,4177
6/16/2025,Cash4Life,,1 8 15 44 51 1
6/16/2025,Powerball,,17 21 23 27 52 19
6/17/2025,Cash3,EVENING,947
6/17/2025,Cash3,MIDDAY,343
6/17/2025,Cash3,NIGHT,703
6/17/2025,Cash4,EVENING,6268
6/17/2025,Cash4,MIDDAY,1511
6/17/2025,Cash4,NIGHT,2046
6/17/2025,Cash4Life,,7 23 48 49 57 1
6/17/2025,Mega Millions,,16 23 39 46 55 12
6/18/2025,Cash3,EVENING,788
6/18/2025,Cash3,MIDDAY,214
6/18/2025,Cash3,NIGHT,940
6/18/2025,Cash4,EVENING,9374
6/18/2025,Cash4,MIDDAY,7352
6/18/2025,Cash4,NIGHT,4958
6/18/2025,Cash4Life,,17 26 30 47 57 4
6/18/2025,Powerball,,23 29 50 64 67 11
6/19/2025,Cash3,EVENING,316
6/19/2025,Cash3,MIDDAY,855
6/19/2025,Cash3,NIGHT,419
6/19/2025,Cash4,EVENING,6813
6/19/2025,Cash4,MIDDAY,965
6/19/2025,Cash4,NIGHT,8712
6/19/2025,Cash4Life,,3 18 21 33 36 1
6/20/2025,Cash3,EVENING,025
6/20/2025,Cash3,MIDDAY,021
6/20/2025,Cash3,NIGHT,124
6/20/2025,Cash4,EVENING,6002
6/20/2025,Cash4,MIDDAY,3821
6/20/2025,Cash4,NIGHT,2811
6/20/2025,Cash4Life,,4 7 19 36 40 3
6/20/2025,Mega Millions,,26 49 58 61 63 9
6/21/2025,Cash3,EVENING,428
6/21/2025,Cash3,MIDDAY,279
6/21/2025,Cash3,NIGHT,310
6/21/2025,Cash4,EVENING,2927
6/21/2025,Cash4,MIDDAY,3794
6/21/2025,Cash4,NIGHT,6665
6/21/2025,Cash4Life,,3 6 7 33 38 1
6/21/2025,Powerball,,3 16 32 52 62 24
6/22/2025,Cash3,EVENING,564
6/22/2025,Cash3,MIDDAY,541
6/22/2025,Cash3,NIGHT,015
6/22/2025,Cash4,EVENING,6638
6/22/2025,Cash4,MIDDAY,8036
6/22/2025,Cash4,NIGHT,7382
6/22/2025,Cash4Life,,6 25 31 36 48 4
6/23/2025,Cash3,EVENING,707
6/23/2025,Cash3,MIDDAY,558
6/23/2025,Cash3,NIGHT,769
6/23/2025,Cash4,EVENING,594
6/23/2025,Cash4,MIDDAY,2622
6/23/2025,Cash4,NIGHT,1819
6/23/2025,Cash4Life,,2 11 18 24 32 1
6/23/2025,Powerball,,5 25 42 44 65 20
6/24/2025,Cash3,EVENING,716
6/24/2025,Cash3,MIDDAY,008
6/24/2025,Cash3,NIGHT,828
6/24/2025,Cash4,EVENING,619
6/24/2025,Cash4,MIDDAY,6272
6/24/2025,Cash4,NIGHT,7880
6/24/2025,Cash4Life,,2 22 40 53 55 2
6/24/2025,Mega Millions,,10 11 18 24 60 20
6/25/2025,Cash3,EVENING,508
6/25/2025,Cash3,MIDDAY,681
6/25/2025,Cash3,NIGHT,432
6/25/2025,Cash4,EVENING,2544
6/25/2025,Cash4,MIDDAY,3480
6/25/2025,Cash4,NIGHT,1802
6/25/2025,Cash4Life,,6 13 36 48 58 4
6/25/2025,Powerball,,2 12 37 51 61 22
6/26/2025,Cash3,EVENING,952
6/26/2025,Cash3,MIDDAY,527
6/26/2025,Cash3,NIGHT,597
6/26/2025,Cash4,EVENING,9558
6/26/2025,Cash4,MIDDAY,5810
6/26/2025,Cash4,NIGHT,451
6/26/2025,Cash4Life,,9 12 15 19 32 1
6/27/2025,Cash3,EVENING,865
6/27/2025,Cash3,MIDDAY,979
6/27/2025,Cash3,NIGHT,288
6/27/2025,Cash4,EVENING,9936
6/27/2025,Cash4,MIDDAY,8381
6/27/2025,Cash4,NIGHT,3987
6/27/2025,Cash4Life,,9 14 18 20 39 2
6/27/2025,Mega Millions,,18 21 29 42 50 2
6/28/2025,Cash3,EVENING,816
6/28/2025,Cash3,MIDDAY,273
6/28/2025,Cash3,NIGHT,703
6/28/2025,Cash4,EVENING,8380
6/28/2025,Cash4,MIDDAY,6463
6/28/2025,Cash4,NIGHT,6628
6/28/2025,Cash4Life,,20 22 36 48 58 1
6/28/2025,Powerball,,4 35 43 52 62 12
6/29/2025,Cash3,EVENING,867
6/29/2025,Cash3,MIDDAY,338
6/29/2025,Cash3,NIGHT,764
6/29/2025,Cash4,EVENING,7018
6/29/2025,Cash4,MIDDAY,7826
6/29/2025,Cash4,NIGHT,4098
6/29/2025,Cash4Life,,18 48 49 50 56 4
6/30/2025,Cash3,EVENING,902
6/30/2025,Cash3,MIDDAY,004
6/30/2025,Cash3,NIGHT,145
6/30/2025,Cash4,EVENING,5445
6/30/2025,Cash4,MIDDAY,9184
6/30/2025,Cash4,NIGHT,3694
6/30/2025,Cash4Life,,6 13 15 31 55 4
6/30/2025,Powerball,,13 28 44 52 55 6
7/1/2025,Cash3,EVENING,249
7/1/2025,Cash3,MIDDAY,141
7/1/2025,Cash3,NIGHT,907
7/1/2025,Cash4,EVENING,7452
7/1/2025,Cash4,MIDDAY,4515
7/1/2025,Cash4,NIGHT,8102
7/1/2025,Cash4Life,,13 22 23 32 55 4
7/1/2025,Mega Millions,,19 28 31 39 54 5
7/2/2025,Cash3,EVENING,852
7/2/2025,Cash3,MIDDAY,025
7/2/2025,Cash3,NIGHT,743
7/2/2025,Cash4,EVENING,9183
7/2/2025,Cash4,MIDDAY,7593
7/2/2025,Cash4,NIGHT,898
7/2/2025,Cash4Life,,6 19 20 22 57 4
7/2/2025,Powerball,,7 19 21 54 63 21
7/3/2025,Cash3,EVENING,403
7/3/2025,Cash3,MIDDAY,160
7/3/2025,Cash3,NIGHT,723
7/3/2025,Cash4,EVENING,1515
7/3/2025,Cash4,MIDDAY,8794
7/3/2025,Cash4,NIGHT,240
7/3/2025,Cash4Life,,7 41 45 51 59 1
7/4/2025,Cash3,EVENING,683
7/4/2025,Cash3,MIDDAY,708
7/4/2025,Cash3,NIGHT,142
7/4/2025,Cash4,EVENING,6711
7/4/2025,Cash4,MIDDAY,1061
7/4/2025,Cash4,NIGHT,1048
7/4/2025,Cash4Life,,4 5 7 11 22 2
7/4/2025,Mega Millions,,17 20 24 41 42 24
7/5/2025,Cash3,EVENING,451
7/5/2025,Cash3,MIDDAY,025
7/5/2025,Cash3,NIGHT,347
7/5/2025,Cash4,EVENING,7826
7/5/2025,Cash4,MIDDAY,3041
7/5/2025,Cash4,NIGHT,9812
7/5/2025,Cash4Life,,4 17 19 29 44 2
7/5/2025,Powerball,,1 28 34 50 58 8
7/6/2025,Cash3,EVENING,140
7/6/2025,Cash3,MIDDAY,407
7/6/2025,Cash3,NIGHT,864
7/6/2025,Cash4,EVENING,290
7/6/2025,Cash4,MIDDAY,3257
7/6/2025,Cash4,NIGHT,5148
7/6/2025,Cash4Life,,15 17 33 55 57 1
7/7/2025,Cash3,EVENING,675
7/7/2025,Cash3,MIDDAY,704
7/7/2025,Cash3,NIGHT,154
7/7/2025,Cash4,EVENING,5617
7/7/2025,Cash4,MIDDAY,688
7/7/2025,Cash4,NIGHT,7415
7/7/2025,Cash4Life,,8 31 45 53 58 3
7/7/2025,Powerball,,33 35 58 61 69 25
7/8/2025,Cash3,EVENING,247
7/8/2025,Cash3,MIDDAY,281
7/8/2025,Cash3,NIGHT,949
7/8/2025,Cash4,EVENING,5400
7/8/2025,Cash4,MIDDAY,2548
7/8/2025,Cash4,NIGHT,3140
7/8/2025,Cash4Life,,2 11 13 14 57 3
7/8/2025,Mega Millions,,4 6 38 44 62 24
7/9/2025,Cash3,EVENING,308
7/9/2025,Cash3,MIDDAY,481
7/9/2025,Cash3,NIGHT,588
7/9/2025,Cash4,EVENING,5027
7/9/2025,Cash4,MIDDAY,5644
7/9/2025,Cash4,NIGHT,8244
7/9/2025,Cash4Life,,6 33 35 45 55 4
7/9/2025,Powerball,,5 9 25 28 69 5
7/10/2025,Cash3,EVENING,314
7/10/2025,Cash3,MIDDAY,769
7/10/2025,Cash3,NIGHT,936
7/10/2025,Cash4,EVENING,2127
7/10/2025,Cash4,MIDDAY,3838
7/10/2025,Cash4,NIGHT,9518
7/10/2025,Cash4Life,,3 8 17 30 32 3
7/11/2025,Cash3,EVENING,330
7/11/2025,Cash3,MIDDAY,775
7/11/2025,Cash3,NIGHT,373
7/11/2025,Cash4,EVENING,2133
7/11/2025,Cash4,MIDDAY,2550
7/11/2025,Cash4,NIGHT,2956
7/11/2025,Cash4Life,,7 11 15 56 59 2
7/11/2025,Mega Millions,,12 23 24 31 56 1
7/12/2025,Cash3,EVENING,393
7/12/2025,Cash3,MIDDAY,092
7/12/2025,Cash3,NIGHT,649
7/12/2025,Cash4,EVENING,6434
7/12/2025,Cash4,MIDDAY,7318
7/12/2025,Cash4,NIGHT,4540
7/12/2025,Cash4Life,,5 18 49 57 59 4
7/12/2025,Powerball,,8 16 24 33 54 18
7/13/2025,Cash3,EVENING,895
7/13/2025,Cash3,MIDDAY,683
7/13/2025,Cash3,NIGHT,509
7/13/2025,Cash4,EVENING,8587
7/13/2025,Cash4,MIDDAY,836
7/13/2025,Cash4,NIGHT,2236
7/13/2025,Cash4Life,,1 13 21 30 31 3
7/14/2025,Cash3,EVENING,843
7/14/2025,Cash3,MIDDAY,399
7/14/2025,Cash3,NIGHT,925
7/14/2025,Cash4,EVENING,2365
7/14/2025,Cash4,MIDDAY,3066
7/14/2025,Cash4,NIGHT,7739
7/14/2025,Cash4Life,,4 10 22 40 60 1
7/14/2025,Powerball,,8 12 45 46 63 24
7/15/2025,Cash3,EVENING,923
7/15/2025,Cash3,MIDDAY,035
7/15/2025,Cash3,NIGHT,084
7/15/2025,Cash4,EVENING,508
7/15/2025,Cash4,MIDDAY,5224
7/15/2025,Cash4,NIGHT,2957
7/15/2025,Cash4Life,,1 18 35 36 41 4
7/15/2025,Mega Millions,,6 10 24 35 43 1
7/16/2025,Cash3,EVENING,787
7/16/2025,Cash3,MIDDAY,848
7/16/2025,Cash3,NIGHT,382
7/16/2025,Cash4,EVENING,7781
7/16/2025,Cash4,MIDDAY,9000
7/16/2025,Cash4,NIGHT,141
7/16/2025,Cash4Life,,3 41 51 54 57 4
7/16/2025,Powerball,,4 21 43 48 49 22
7/17/2025,Cash3,EVENING,349
7/17/2025,Cash3,MIDDAY,572
7/17/2025,Cash3,NIGHT,709
7/17/2025,Cash4,EVENING,9905
7/17/2025,Cash4,MIDDAY,1143
7/17/2025,Cash4,NIGHT,5580
7/17/2025,Cash4Life,,8 20 23 42 59 3
7/18/2025,Cash3,EVENING,000
7/18/2025,Cash3,MIDDAY,876
7/18/2025,Cash3,NIGHT,461
7/18/2025,Cash4,EVENING,232
7/18/2025,Cash4,MIDDAY,3300
7/18/2025,Cash4,NIGHT,9577
7/18/2025,Cash4Life,,1 10 20 23 47 4
7/18/2025,Mega Millions,,11 43 54 55 63 3
7/19/2025,Cash3,EVENING,022
7/19/2025,Cash3,MIDDAY,480
7/19/2025,Cash3,NIGHT,103
7/19/2025,Cash4,EVENING,9215
7/19/2025,Cash4,MIDDAY,7771
7/19/2025,Cash4,NIGHT,2415
7/19/2025,Cash4Life,,20 38 41 46 54 2
7/19/2025,Powerball,,28 48 51 61 69 20
7/20/2025,Cash3,EVENING,560
7/20/2025,Cash3,MIDDAY,668
7/20/2025,Cash3,NIGHT,439
7/20/2025,Cash4,EVENING,2334
7/20/2025,Cash4,MIDDAY,5738
7/20/2025,Cash4,NIGHT,4779
7/20/2025,Cash4Life,,4 22 25 29 49 1
7/21/2025,Cash3,EVENING,195
7/21/2025,Cash3,MIDDAY,789
7/21/2025,Cash3,NIGHT,185
7/21/2025,Cash4,EVENING,4890
7/21/2025,Cash4,MIDDAY,3818
7/21/2025,Cash4,NIGHT,6737
7/21/2025,Cash4Life,,4 9 34 55 59 2
7/21/2025,Powerball,,8 11 28 33 42 2
7/22/2025,Cash3,EVENING,880
7/22/2025,Cash3,MIDDAY,596
7/22/2025,Cash3,NIGHT,002
7/22/2025,Cash4,EVENING,7269
7/22/2025,Cash4,MIDDAY,7998
7/22/2025,Cash4,NIGHT,206
7/22/2025,Cash4Life,,1 4 17 36 58 1
7/22/2025,Mega Millions,,22 41 42 59 69 17
7/23/2025,Cash3,EVENING,916
7/23/2025,Cash3,MIDDAY,168
7/23/2025,Cash3,NIGHT,835
7/23/2025,Cash4,EVENING,5440
7/23/2025,Cash4,MIDDAY,7245
7/23/2025,Cash4,NIGHT,5821
7/23/2025,Cash4Life,,15 22 44 46 60 1
7/23/2025,Powerball,,2 18 19 25 35 25
7/24/2025,Cash3,EVENING,562
7/24/2025,Cash3,MIDDAY,771
7/24/2025,Cash3,NIGHT,774
7/24/2025,Cash4,EVENING,7143
7/24/2025,Cash4,MIDDAY,2120
7/24/2025,Cash4,NIGHT,267
7/24/2025,Cash4Life,,1 12 14 20 37 4
7/25/2025,Cash3,EVENING,084
7/25/2025,Cash3,MIDDAY,786
7/25/2025,Cash3,NIGHT,377
7/25/2025,Cash4,EVENING,332
7/25/2025,Cash4,MIDDAY,6171
7/25/2025,Cash4,NIGHT,1687
7/25/2025,Cash4Life,,5 15 36 40 60 3
7/25/2025,Mega Millions,,14 21 25 49 52 7
7/26/2025,Cash3,EVENING,653
7/26/2025,Cash3,MIDDAY,489
7/26/2025,Cash3,NIGHT,726
7/26/2025,Cash4,EVENING,554
7/26/2025,Cash4,MIDDAY,1180
7/26/2025,Cash4,NIGHT,4227
7/26/2025,Cash4Life,,3 46 49 54 60 3
7/26/2025,Powerball,,8 31 57 65 67 23
7/27/2025,Cash3,EVENING,492
7/27/2025,Cash3,MIDDAY,493
7/27/2025,Cash3,NIGHT,817
7/27/2025,Cash4,EVENING,3034
7/27/2025,Cash4,MIDDAY,8742
7/27/2025,Cash4,NIGHT,3231
7/27/2025,Cash4Life,,1 4 8 29 45 3
7/28/2025,Cash3,EVENING,765
7/28/2025,Cash3,MIDDAY,944
7/28/2025,Cash3,NIGHT,537
7/28/2025,Cash4,EVENING,3980
7/28/2025,Cash4,MIDDAY,7530
7/28/2025,Cash4,NIGHT,8464
7/28/2025,Cash4Life,,9 14 47 48 55 2
7/28/2025,Powerball,,7 35 36 43 62 3
7/29/2025,Cash3,EVENING,917
7/29/2025,Cash3,MIDDAY,470
7/29/2025,Cash3,NIGHT,859
7/29/2025,Cash4,EVENING,4591
7/29/2025,Cash4,MIDDAY,4580
7/29/2025,Cash4,NIGHT,5931
7/29/2025,Cash4Life,,11 12 17 49 54 4
7/29/2025,Mega Millions,,17 30 34 63 67 11
7/30/2025,Cash3,EVENING,670
7/30/2025,Cash3,MIDDAY,561
7/30/2025,Cash3,NIGHT,231
7/30/2025,Cash4,EVENING,182
7/30/2025,Cash4,MIDDAY,8166
7/30/2025,Cash4,NIGHT,635
7/30/2025,Cash4Life,,4 18 23 47 58 3
7/30/2025,Powerball,,4 15 35 50 64 8
7/31/2025,Cash3,EVENING,999
7/31/2025,Cash3,MIDDAY,351
7/31/2025,Cash3,NIGHT,534
7/31/2025,Cash4,EVENING,681
7/31/2025,Cash4,MIDDAY,1695
7/31/2025,Cash4,NIGHT,3916
7/31/2025,Cash4Life,,2 7 35 38 44 4
8/1/2025,Cash3,EVENING,648
8/1/2025,Cash3,MIDDAY,763
8/1/2025,Cash3,NIGHT,790
8/1/2025,Cash4,EVENING,189
8/1/2025,Cash4,MIDDAY,881
8/1/2025,Cash4,NIGHT,2300
8/1/2025,Cash4Life,,10 14 23 27 53 2
8/1/2025,Mega Millions,,18 27 29 33 70 22
8/2/2025,Cash3,EVENING,551
8/2/2025,Cash3,MIDDAY,849
8/2/2025,Cash3,NIGHT,286
8/2/2025,Cash4,EVENING,6893
8/2/2025,Cash4,MIDDAY,1842
8/2/2025,Cash4,NIGHT,4690
8/2/2025,Cash4Life,,7 13 28 52 58 1
8/2/2025,Powerball,,6 18 34 35 36 2
8/3/2025,Cash3,EVENING,217
8/3/2025,Cash3,MIDDAY,749
8/3/2025,Cash3,NIGHT,155
8/3/2025,Cash4,EVENING,5069
8/3/2025,Cash4,MIDDAY,5573
8/3/2025,Cash4,NIGHT,9029
8/3/2025,Cash4Life,,5 9 38 39 44 3
8/4/2025,Cash3,EVENING,463
8/4/2025,Cash3,MIDDAY,192
8/4/2025,Cash3,NIGHT,284
8/4/2025,Cash4,EVENING,3524
8/4/2025,Cash4,MIDDAY,4508
8/4/2025,Cash4,NIGHT,9380
8/4/2025,Cash4Life,,14 15 32 40 41 1
8/4/2025,Powerball,,8 9 19 31 38 21
8/5/2025,Cash3,EVENING,127
8/5/2025,Cash3,MIDDAY,256
8/5/2025,Cash3,NIGHT,132
8/5/2025,Cash4,EVENING,5293
8/5/2025,Cash4,MIDDAY,2061
8/5/2025,Cash4,NIGHT,4846
8/5/2025,Cash4Life,,1 29 47 48 49 4
8/5/2025,Mega Millions,,12 27 42 59 65 2
8/6/2025,Cash3,EVENING,576
8/6/2025,Cash3,MIDDAY,242
8/6/2025,Cash3,NIGHT,861
8/6/2025,Cash4,EVENING,9730
8/6/2025,Cash4,MIDDAY,8149
8/6/2025,Cash4,NIGHT,1567
8/6/2025,Cash4Life,,1 7 27 41 48 1
8/6/2025,Powerball,,15 27 43 45 53 9
8/7/2025,Cash3,EVENING,584
8/7/2025,Cash3,MIDDAY,672
8/7/2025,Cash3,NIGHT,971
8/7/2025,Cash4,EVENING,1884
8/7/2025,Cash4,MIDDAY,7635
8/7/2025,Cash4,NIGHT,7518
8/7/2025,Cash4Life,,4 15 18 31 53 4
8/8/2025,Cash3,EVENING,786
8/8/2025,Cash3,MIDDAY,241
8/8/2025,Cash3,NIGHT,023
8/8/2025,Cash4,EVENING,4495
8/8/2025,Cash4,MIDDAY,611
8/8/2025,Cash4,NIGHT,6989
8/8/2025,Cash4Life,,8 9 42 44 52 2
8/8/2025,Mega Millions,,2 6 8 14 49 12
8/9/2025,Cash3,EVENING,665
8/9/2025,Cash3,MIDDAY,194
8/9/2025,Cash3,NIGHT,620
8/9/2025,Cash4,EVENING,9947
8/9/2025,Cash4,MIDDAY,7156
8/9/2025,Cash4,NIGHT,4269
8/9/2025,Cash4Life,,6 14 24 40 41 2
8/9/2025,Powerball,,7 14 23 24 60 14
8/10/2025,Cash3,EVENING,111
8/10/2025,Cash3,MIDDAY,773
8/10/2025,Cash3,NIGHT,883
8/10/2025,Cash4,EVENING,3563
8/10/2025,Cash4,MIDDAY,8342
8/10/2025,Cash4,NIGHT,2552
8/10/2025,Cash4Life,,6 10 14 52 55 4
8/11/2025,Cash3,EVENING,289
8/11/2025,Cash3,MIDDAY,185
8/11/2025,Cash3,NIGHT,393
8/11/2025,Cash4,EVENING,927
8/11/2025,Cash4,MIDDAY,229
8/11/2025,Cash4,NIGHT,5805
8/11/2025,Cash4Life,,10 16 25 45 48 4
8/11/2025,Powerball,,6 16 33 40 62 2
8/12/2025,Cash3,EVENING,232
8/12/2025,Cash3,MIDDAY,041
8/12/2025,Cash3,NIGHT,739
8/12/2025,Cash4,EVENING,2293
8/12/2025,Cash4,MIDDAY,5374
8/12/2025,Cash4,NIGHT,9891
8/12/2025,Cash4Life,,2 9 19 52 54 0
8/12/2025,Mega Millions,,1 8 31 56 67 23
8/13/2025,Cash3,EVENING,263
8/13/2025,Cash3,MIDDAY,367
8/13/2025,Cash3,NIGHT,337
8/13/2025,Cash4,EVENING,3318
8/13/2025,Cash4,MIDDAY,1272
8/13/2025,Cash4,NIGHT,685
8/13/2025,Cash4Life,,5 12 13 28 47 1
8/13/2025,Powerball,,4 11 40 44 50 4
8/14/2025,Cash3,EVENING,640
8/14/2025,Cash3,MIDDAY,704
8/14/2025,Cash3,NIGHT,140
8/14/2025,Cash4,EVENING,5879
8/14/2025,Cash4,MIDDAY,2303
8/14/2025,Cash4,NIGHT,7211
8/14/2025,Cash4Life,,6 14 32 41 46 3
8/15/2025,Cash3,EVENING,751
8/15/2025,Cash3,MIDDAY,670
8/15/2025,Cash3,NIGHT,922
8/15/2025,Cash4,EVENING,2703
8/15/2025,Cash4,MIDDAY,2658
8/15/2025,Cash4,NIGHT,7316
8/15/2025,Cash4Life,,1 9 41 43 47 2
8/15/2025,Mega Millions,,4 17 27 34 69 16
8/16/2025,Cash3,EVENING,508
8/16/2025,Cash3,MIDDAY,383
8/16/2025,Cash3,NIGHT,291
8/16/2025,Cash4,EVENING,2365
8/16/2025,Cash4,MIDDAY,9453
8/16/2025,Cash4,NIGHT,1330
8/16/2025,Cash4Life,,7 19 32 54 57 1
8/16/2025,Powerball,,23 40 49 65 69 23
8/17/2025,Cash3,EVENING,097
8/17/2025,Cash3,MIDDAY,903
8/17/2025,Cash3,NIGHT,132
8/17/2025,Cash4,EVENING,5105
8/17/2025,Cash4,MIDDAY,9848
8/17/2025,Cash4,NIGHT,1434
8/17/2025,Cash4Life,,2 14 30 36 38 2
8/18/2025,Cash3,EVENING,220
8/18/2025,Cash3,MIDDAY,038
8/18/2025,Cash3,NIGHT,636
8/18/2025,Cash4,EVENING,1075
8/18/2025,Cash4,MIDDAY,7514
8/18/2025,Cash4,NIGHT,8950
8/18/2025,Cash4Life,,3 14 22 24 38 2
8/18/2025,Powerball,,15 46 61 63 64 1
8/19/2025,Cash3,EVENING,006
8/19/2025,Cash3,MIDDAY,150
8/19/2025,Cash3,NIGHT,309
8/19/2025,Cash4,EVENING,4949
8/19/2025,Cash4,MIDDAY,1019
8/19/2025,Cash4,NIGHT,5281
8/19/2025,Cash4Life,,4 6 8 33 35 2
8/19/2025,Mega Millions,,10 19 24 49 68 10
8/20/2025,Cash3,EVENING,730
8/20/2025,Cash3,MIDDAY,098
8/20/2025,Cash3,NIGHT,683
8/20/2025,Cash4,EVENING,9266
8/20/2025,Cash4,MIDDAY,8354
8/20/2025,Cash4,NIGHT,7810
8/20/2025,Cash4Life,,1 13 33 46 53 1
8/20/2025,Powerball,,31 59 62 65 68 5
8/21/2025,Cash3,EVENING,451
8/21/2025,Cash3,MIDDAY,263
8/21/2025,Cash3,NIGHT,513
8/21/2025,Cash4,EVENING,6518
8/21/2025,Cash4,MIDDAY,8593
8/21/2025,Cash4,NIGHT,597
8/21/2025,Cash4Life,,10 29 32 49 51 3
8/22/2025,Cash3,EVENING,567
8/22/2025,Cash3,MIDDAY,518
8/22/2025,Cash3,NIGHT,173
8/22/2025,Cash4,EVENING,8652
8/22/2025,Cash4,MIDDAY,5823
8/22/2025,Cash4,NIGHT,3538
8/22/2025,Cash4Life,,18 20 22 34 54 1
8/22/2025,Mega Millions,,18 30 44 48 50 12
8/23/2025,Cash3,EVENING,950
8/23/2025,Cash3,MIDDAY,033
8/23/2025,Cash3,NIGHT,782
8/23/2025,Cash4,EVENING,3690
8/23/2025,Cash4,MIDDAY,6398
8/23/2025,Cash4,NIGHT,5360
8/23/2025,Cash4Life,,2 22 45 54 60 1
8/23/2025,Powerball,,11 14 34 47 51 18
8/24/2025,Cash3,EVENING,201
8/24/2025,Cash3,MIDDAY,436
8/24/2025,Cash3,NIGHT,628
8/24/2025,Cash4,EVENING,5914
8/24/2025,Cash4,MIDDAY,9129
8/24/2025,Cash4,NIGHT,9359
8/24/2025,Cash4Life,,3 36 45 55 59 1
8/25/2025,Cash3,EVENING,139
8/25/2025,Cash3,MIDDAY,322
8/25/2025,Cash3,NIGHT,218
8/25/2025,Cash4,EVENING,6107
8/25/2025,Cash4,MIDDAY,7790
8/25/2025,Cash4,NIGHT,1188
8/25/2025,Cash4Life,,3 22 39 44 56 4
8/25/2025,Powerball,,16 19 34 37 64 22
8/26/2025,Cash3,EVENING,939
8/26/2025,Cash3,MIDDAY,638
8/26/2025,Cash3,NIGHT,287
8/26/2025,Cash4,EVENING,4871
8/26/2025,Cash4,MIDDAY,3950
8/26/2025,Cash4,NIGHT,9662
8/26/2025,Cash4Life,,5 11 32 34 39 4
8/26/2025,Mega Millions,,7 12 30 40 69 17
8/27/2025,Cash3,EVENING,193
8/27/2025,Cash3,MIDDAY,091
8/27/2025,Cash3,NIGHT,176
8/27/2025,Cash4,EVENING,4341
8/27/2025,Cash4,MIDDAY,6704
8/27/2025,Cash4,NIGHT,696
8/27/2025,Cash4Life,,5 7 11 17 50 2
8/27/2025,Powerball,,9 12 22 41 61 25
8/28/2025,Cash3,EVENING,778
8/28/2025,Cash3,MIDDAY,103
8/28/2025,Cash3,NIGHT,675
8/28/2025,Cash4,EVENING,1959
8/28/2025,Cash4,MIDDAY,2169
8/28/2025,Cash4,NIGHT,4663
8/28/2025,Cash4Life,,19 21 27 29 54 1
8/29/2025,Cash3,EVENING,834
8/29/2025,Cash3,MIDDAY,313
8/29/2025,Cash3,NIGHT,709
8/29/2025,Cash4,EVENING,8865
8/29/2025,Cash4,MIDDAY,3865
8/29/2025,Cash4,NIGHT,4031
8/29/2025,Cash4Life,,5 25 44 53 55 4
8/29/2025,Mega Millions,,13 31 32 44 45 21
8/30/2025,Cash3,EVENING,980
8/30/2025,Cash3,MIDDAY,988
8/30/2025,Cash3,NIGHT,349
8/30/2025,Cash4,EVENING,5744
8/30/2025,Cash4,MIDDAY,5703
8/30/2025,Cash4,NIGHT,3682
8/30/2025,Cash4Life,,11 33 34 42 57 4
8/30/2025,Powerball,,3 18 22 27 33 17
8/31/2025,Cash3,EVENING,213
8/31/2025,Cash3,MIDDAY,615
8/31/2025,Cash3,NIGHT,782
8/31/2025,Cash4,EVENING,8028
8/31/2025,Cash4,MIDDAY,4663
8/31/2025,Cash4,NIGHT,6588
8/31/2025,Cash4Life,,16 19 27 46 58 2
9/1/2025,Cash3,MIDDAY,700
9/1/2025,Cash3,NIGHT,256
9/1/2025,Cash4,EVENING,479
9/1/2025,Cash4,MIDDAY,9849
9/1/2025,Cash4,NIGHT,7494
9/1/2025,Cash4Life,,10 24 27 42 51 4
9/1/2025,Powerball,,25 23 8 40 53 5
9/2/2025,Cash3,MIDDAY,987
9/2/2025,Cash3,NIGHT,583
9/2/2025,Cash4,EVENING,41
9/2/2025,Cash4,MIDDAY,338
9/2/2025,Cash4,NIGHT,9329
9/2/2025,Cash4Life,,1 4 35 45 55 3
9/3/2025,Cash3,MIDDAY,346
9/3/2025,Cash3,NIGHT,737
9/3/2025,Cash4,EVENING,106
9/3/2025,Cash4,MIDDAY,1889
9/3/2025,Cash4,NIGHT,15
9/3/2025,Cash4Life,,3 9 39 48 56 1
9/3/2025,Powerball,,61 29 69 16 3 22
9/4/2025,Cash3,MIDDAY,209
9/4/2025,Cash3,NIGHT,617
9/4/2025,Cash4,EVENING,7050
9/4/2025,Cash4,MIDDAY,9550
9/4/2025,Cash4,NIGHT,8324
9/4/2025,Cash4Life,,1 4 21 37 45 2
9/5/2025,Cash3,MIDDAY,326
9/5/2025,Cash3,NIGHT,341
9/5/2025,Cash4,EVENING,6189
9/5/2025,Cash4,MIDDAY,3497
9/5/2025,Cash4,NIGHT,5848
9/5/2025,Cash4Life,,6 19 39 54 57 2
9/5/2025,Mega Millions,,6 14 36 62 58 24
9/6/2025,Cash3,MIDDAY,57
9/6/2025,Cash3,NIGHT,484
9/6/2025,Cash4,EVENING,5499
9/6/2025,Cash4,MIDDAY,7839
9/6/2025,Cash4,NIGHT,1163
9/6/2025,Cash4Life,,5 13 46 56 57 3
9/6/2025,Powerball,,61 23 62 44 11 17
9/7/2025,Cash3,MIDDAY,890
9/7/2025,Cash3,NIGHT,206
9/7/2025,Cash4,EVENING,5643
9/7/2025,Cash4,MIDDAY,9946
9/7/2025,Cash4,NIGHT,9371
9/8/2025,Cash3,MIDDAY,781
9/8/2025,Cash3,NIGHT,667
9/8/2025,Cash4,EVENING,8610
9/8/2025,Cash4,MIDDAY,3871
9/8/2025,Cash4,NIGHT,265
9/8/2025,Cash4Life,,7 25 31 54 55 3
9/8/2025,Powerball,,53 28 41 26 64 9
9/9/2025,Cash3,MIDDAY,967
9/9/2025,Cash3,NIGHT,370
9/9/2025,Cash4,EVENING,6562
9/9/2025,Cash4,MIDDAY,3195
9/9/2025,Cash4,NIGHT,6269
9/9/2025,Cash4Life,,16 21 36 42 50 2
9/9/2025,Mega Millions,,52 6 65 64 43 22
9/10/2025,Cash3,MIDDAY,348
9/10/2025,Cash3,NIGHT,99
9/10/2025,Cash4,EVENING,6510
9/10/2025,Cash4,MIDDAY,5345
9/10/2025,Cash4,NIGHT,4821
9/10/2025,Cash4Life,,6 7 17 37 42 1
9/10/2025,Powerball,,24 2 64 45 53 5
9/11/2025,Cash3,MIDDAY,178
9/11/2025,Cash3,NIGHT,18
9/11/2025,Cash4,EVENING,5324
9/11/2025,Cash4,MIDDAY,6448
9/11/2025,Cash4,NIGHT,7567
9/11/2025,Cash4Life,,10 13 15 27 30 2
9/12/2025,Cash3,MIDDAY,912
9/12/2025,Cash3,NIGHT,387
9/12/2025,Cash4,EVENING,6582
9/12/2025,Cash4,MIDDAY,3254
9/12/2025,Cash4,NIGHT,4465
9/12/2025,Cash4Life,,12 23 37 39 57 4
9/12/2025,Mega Millions,,42 21 18 64 17 7
9/13/2025,Cash3,MIDDAY,848
9/13/2025,Cash3,NIGHT,280
9/13/2025,Cash4,EVENING,9030
9/13/2025,Cash4,MIDDAY,5971
9/13/2025,Cash4,NIGHT,3105
9/13/2025,Cash4Life,,15 27 38 47 54 2
9/14/2025,Cash3,MIDDAY,472
9/14/2025,Cash3,NIGHT,868
9/14/2025,Cash4,EVENING,4374
9/14/2025,Cash4,MIDDAY,8653
9/14/2025,Cash4,NIGHT,469
9/14/2025,Cash4Life,,8 13 14 26 38 2
9/14/2025,Powerball,,28 37 42 50 53 19
9/15/2025,Cash3,MIDDAY,741
9/15/2025,Cash3,NIGHT,966
9/15/2025,Cash4,EVENING,2330
9/15/2025,Cash4,MIDDAY,5444
9/15/2025,Cash4,NIGHT,8455
9/15/2025,Cash4Life,,6 11 15 41 57 4
9/15/2025,Powerball,,14 15 32 42 49 1
9/16/2025,Cash3,MIDDAY,97
9/16/2025,Cash3,NIGHT,544
9/16/2025,Cash4,EVENING,3644
9/16/2025,Cash4,MIDDAY,1606
9/16/2025,Cash4,NIGHT,2001
9/16/2025,Cash4Life,,20 32 39 50 57 1
9/16/2025,Mega Millions,,34 43 10 14 40 5
9/17/2025,Cash3,MIDDAY,239
9/17/2025,Cash3,NIGHT,915
9/17/2025,Cash4,EVENING,3518
9/17/2025,Cash4,MIDDAY,1149
9/17/2025,Cash4,NIGHT,7637
9/17/2025,Cash4Life,,27 29 33 34 50 3
9/17/2025,Powerball,,7 30 50 54 62 20
9/18/2025,Cash3,MIDDAY,239
9/18/2025,Cash3,NIGHT,878
9/18/2025,Cash4,EVENING,79
9/18/2025,Cash4,MIDDAY,3794
9/18/2025,Cash4,NIGHT,3048
9/18/2025,Cash4Life,,17 20 29 34 57 1
9/19/2025,Cash3,MIDDAY,239
9/19/2025,Cash3,NIGHT,859
9/19/2025,Cash4,EVENING,8612
9/19/2025,Cash4,MIDDAY,7674
9/19/2025,Cash4,NIGHT,119
9/19/2025,Cash4Life,,2 6 32 35 43 4
9/19/2025,Mega Millions,,27 42 58 2 22 8
9/20/2025,Cash3,MIDDAY,293
9/20/2025,Cash3,NIGHT,94
9/20/2025,Cash4,EVENING,1589
9/20/2025,Cash4,MIDDAY,4370
9/20/2025,Cash4,NIGHT,3530
9/20/2025,Cash4Life,,9 11 20 24 28 2
9/20/2025,Powerball,,15 29 64 66 67 4
9/21/2025,Cash3,MIDDAY,787
9/21/2025,Cash3,NIGHT,314
9/21/2025,Cash4,EVENING,355
9/21/2025,Cash4,MIDDAY,9382
9/21/2025,Cash4,NIGHT,1856
9/21/2025,Cash4Life,,11 14 23 36 38 2
9/22/2025,Cash3,MIDDAY,537
9/22/2025,Cash3,NIGHT,388
9/22/2025,Cash4,EVENING,4805
9/22/2025,Cash4,MIDDAY,5572
9/22/2025,Cash4,NIGHT,8152
9/22/2025,Cash4Life,,3 5 6 10 33 3
9/22/2025,Powerball,,3 29 42 46 59 15
9/23/2025,Cash3,MIDDAY,850
9/23/2025,Cash3,NIGHT,463
9/23/2025,Cash4,EVENING,6020
9/23/2025,Cash4,MIDDAY,2713
9/23/2025,Cash4,NIGHT,2113
9/23/2025,Cash4Life,,1 24 36 49 52 1
9/23/2025,Mega Millions,,13 24 41 42 70 18
9/24/2025,Cash3,MIDDAY,661
9/24/2025,Cash3,NIGHT,8
9/24/2025,Cash4,EVENING,9218
9/24/2025,Cash4,MIDDAY,4043
9/24/2025,Cash4,NIGHT,6164
9/24/2025,Cash4Life,,20 30 37 43 44 2
9/24/2025,Powerball,,15 31 45 49 53 19
9/25/2025,Cash3,MIDDAY,91
9/25/2025,Cash3,NIGHT,110
9/25/2025,Cash4,EVENING,9080
9/25/2025,Cash4,MIDDAY,1397
9/25/2025,Cash4,NIGHT,9243
9/25/2025,Cash4Life,,9 10 21 39 49 4
9/26/2025,Cash3,MIDDAY,402
9/26/2025,Cash3,NIGHT,395
9/26/2025,Cash4,EVENING,6710
9/26/2025,Cash4,MIDDAY,2423
9/26/2025,Cash4,NIGHT,1819
9/26/2025,Cash4Life,,9 22 27 44 60 1
9/27/2025,Cash3,MIDDAY,861
9/27/2025,Cash3,NIGHT,416
9/27/2025,Cash4,EVENING,5148
9/27/2025,Cash4,MIDDAY,5444
9/27/2025,Cash4,NIGHT,165
9/27/2025,Cash4Life,,8 15 28 49 51 3
9/27/2025,Powerball,,10 16 32 61 66 4
9/28/2025,Cash3,MIDDAY,505
9/28/2025,Cash3,NIGHT,362
9/28/2025,Cash4,EVENING,1640
9/28/2025,Cash4,MIDDAY,329
9/28/2025,Cash4,NIGHT,2814
9/28/2025,Cash4Life,,20 32 42 44 52 4
9/29/2025,Cash3,MIDDAY,717
9/29/2025,Cash3,NIGHT,456
9/29/2025,Cash4,EVENING,844
9/29/2025,Cash4,MIDDAY,1683
9/29/2025,Cash4,NIGHT,9090
9/29/2025,Cash4Life,,11 17 25 34 52 2
9/29/2025,Powerball,,1 3 27 60 65 16
9/30/2025,Cash3,MIDDAY,390
9/30/2025,Cash3,NIGHT,77
9/30/2025,Cash4,EVENING,3890
9/30/2025,Cash4,MIDDAY,2177
9/30/2025,Cash4,NIGHT,6674
9/30/2025,Cash4Life,,29 34 37 50 56 1
9/30/2025,Mega Millions,,4 8 27 37 63 14
10/1/2025,Cash3,MIDDAY,633
10/1/2025,Cash3,NIGHT,796
10/1/2025,Cash4,EVENING,5145
10/1/2025,Cash4,MIDDAY,640
10/1/2025,Cash4,NIGHT,1641
10/1/2025,Cash4Life,,4 19 23 36 44 4
10/1/2025,Powerball,,8 17 22 28 55 14
10/2/2025,Cash3,MIDDAY,937
10/2/2025,Cash3,NIGHT,30
10/2/2025,Cash4,EVENING,2247
10/2/2025,Cash4,MIDDAY,7439
10/2/2025,Cash4,NIGHT,2204
10/2/2025,Cash4Life,,40 43 49 54 60 4
10/2/2025,Powerball,,3 7 47 67 68 2
10/3/2025,Cash3,MIDDAY,778
10/3/2025,Cash3,NIGHT,398
10/3/2025,Cash4,EVENING,2849
10/3/2025,Cash4,MIDDAY,4313
10/3/2025,Cash4,NIGHT,5194
10/3/2025,Cash4Life,,8 15 25 33 56 4
10/3/2025,Mega Millions,,18 19 38 54 57 19
10/4/2025,Cash3,MIDDAY,391
10/4/2025,Cash3,NIGHT,774
10/4/2025,Cash4,EVENING,5634
10/4/2025,Cash4,MIDDAY,5013
10/4/2025,Cash4,NIGHT,7415
10/4/2025,Cash4Life,,9 50 55 57 59 4
10/5/2025,Cash3,MIDDAY,890
10/5/2025,Cash3,NIGHT,379
10/5/2025,Cash4,EVENING,3376
10/5/2025,Cash4,MIDDAY,4897
10/5/2025,Cash4,NIGHT,7076
10/5/2025,Cash4Life,,11 19 42 58 59 3
10/6/2025,Cash3,MIDDAY,863
10/6/2025,Cash3,NIGHT,56
10/6/2025,Cash4,EVENING,9376
10/6/2025,Cash4,MIDDAY,5341
10/6/2025,Cash4,NIGHT,5606
10/6/2025,Cash4Life,,4 19 29 32 52 1
10/6/2025,Powerball,,28 29 32 66 67 3
10/7/2025,Cash3,MIDDAY,191
10/7/2025,Cash3,NIGHT,348
10/7/2025,Cash4,EVENING,6596
10/7/2025,Cash4,MIDDAY,2822
10/7/2025,Cash4,NIGHT,8120
10/7/2025,Cash4Life,,15 31 38 45 50 2
10/7/2025,Mega Millions,,17 26 33 45 56 19
10/8/2025,Cash3,MIDDAY,605
10/8/2025,Cash3,NIGHT,256
10/8/2025,Cash4,EVENING,7354
10/8/2025,Cash4,MIDDAY,3338
10/8/2025,Cash4,NIGHT,7091
10/8/2025,Powerball,,8 10 44 48 54 14
10/9/2025,Cash3,MIDDAY,643
10/9/2025,Cash3,NIGHT,529
10/9/2025,Cash4,EVENING,6992
10/9/2025,Cash4,MIDDAY,4554
10/9/2025,Cash4,NIGHT,4065
10/9/2025,Cash4Life,,5 6 10 28 53 4
10/10/2025,Cash3,MIDDAY,510
10/10/2025,Cash3,NIGHT,780
10/10/2025,Cash4,EVENING,2824
10/10/2025,Cash4,MIDDAY,5065
10/10/2025,Cash4,NIGHT,6232
10/10/2025,Cash4Life,,7 12 34 44 55 2
10/10/2025,Mega Millions,,3 18 23 32 56 8
10/11/2025,Cash3,MIDDAY,419
10/11/2025,Cash3,NIGHT,453
10/11/2025,Cash4,EVENING,2040
10/11/2025,Cash4,MIDDAY,2493
10/11/2025,Cash4,NIGHT,8736
10/11/2025,Cash4Life,,22 29 37 44 48 1
10/11/2025,Powerball,,13 16 18 20 27 10
10/12/2025,Cash4,EVENING,612
10/12/2025,Cash4,MIDDAY,5065
10/12/2025,Cash4Life,,12 15 20 30 59 3
10/13/2025,Cash4,EVENING,2977
10/13/2025,Cash4,NIGHT,6232
10/13/2025,Cash4Life,,10 25 34 38 54 4
10/13/2025,Powerball,,13 14 32 52 64 12
10/14/2025,Cash3,MIDDAY,475
10/14/2025,Cash3,NIGHT,786
10/14/2025,Cash4,EVENING,9236
10/14/2025,Cash4,MIDDAY,4120
10/14/2025,Cash4,NIGHT,2141
10/14/2025,Cash4Life,,25 32 42 47 57 4
10/14/2025,Mega Millions,,12 22 49 57 58 19
10/15/2025,Cash3,MIDDAY,769
10/15/2025,Cash3,NIGHT,149
10/15/2025,Cash4,EVENING,5496
10/15/2025,Cash4,MIDDAY,1436
10/15/2025,Cash4,NIGHT,6098
10/15/2025,Cash4Life,,2 24 27 36 51 3
10/15/2025,Powerball,,10 13 28 34 47 15
10/16/2025,Cash3,MIDDAY,736
10/16/2025,Cash3,NIGHT,863
10/16/2025,Cash4,EVENING,3199
10/16/2025,Cash4,MIDDAY,8157
10/16/2025,Cash4,NIGHT,7000
10/16/2025,Cash4Life,,12 29 47 48 58 3
10/17/2025,Cash3,MIDDAY,592
10/17/2025,Cash3,NIGHT,122
10/17/2025,Cash4,EVENING,3048
10/17/2025,Cash4,MIDDAY,6885
10/17/2025,Cash4,NIGHT,5147
10/17/2025,Cash4Life,,2 15 34 37 52 3
10/17/2025,Mega Millions,,9 21 27 48 56 10
10/18/2025,Cash3,MIDDAY,581
10/18/2025,Cash3,NIGHT,441
10/18/2025,Cash4,EVENING,5630
10/18/2025,Cash4,MIDDAY,9842
10/18/2025,Cash4,NIGHT,267
10/18/2025,Cash4Life,,10 23 33 39 48 4
10/18/2025,Powerball,,3 11 27 40 58 10
10/19/2025,Cash3,MIDDAY,744
10/19/2025,Cash3,NIGHT,166
10/19/2025,Cash4,EVENING,5299
10/19/2025,Cash4,MIDDAY,2511
10/19/2025,Cash4,NIGHT,9278
10/20/2025,Cash3,MIDDAY,922
10/20/2025,Cash3,NIGHT,708
10/20/2025,Cash4,EVENING,66
10/20/2025,Cash4,MIDDAY,9283
10/20/2025,Cash4,NIGHT,850
10/20/2025,Cash4Life,,16 24 27 33 47 2
10/20/2025,Powerball,,32 38 66 67 69 19
10/21/2025,Cash3,MIDDAY,672
10/21/2025,Cash3,NIGHT,737
10/21/2025,Cash4,EVENING,1095
10/21/2025,Cash4,MIDDAY,1179
10/21/2025,Cash4,NIGHT,2841
10/21/2025,Cash4Life,,5 10 30 45 53 3
10/21/2025,Mega Millions,,2 18 27 34 59 18
10/22/2025,Cash3,MIDDAY,989
10/22/2025,Cash3,NIGHT,360
10/22/2025,Cash4,EVENING,4190
10/22/2025,Cash4,MIDDAY,757
10/22/2025,Cash4,NIGHT,4328
10/22/2025,Cash4Life,,4 32 44 47 54 2
10/22/2025,Powerball,,18 37 52 54 60 12
10/23/2025,Cash3,MIDDAY,232
10/23/2025,Cash3,NIGHT,458
10/23/2025,Cash4,EVENING,8908
10/23/2025,Cash4,MIDDAY,7726
10/23/2025,Cash4,NIGHT,5536
10/23/2025,Cash4Life,,38 43 45 47 59 1
10/24/2025,Cash3,MIDDAY,94
10/24/2025,Cash3,NIGHT,215
10/24/2025,Cash4,EVENING,765
10/24/2025,Cash4,MIDDAY,5414
10/24/2025,Cash4,NIGHT,1785
10/24/2025,Cash4Life,,5 36 44 55 59 1
10/24/2025,Mega Millions,,11 18 31 51 56 24
10/25/2025,Cash3,MIDDAY,619
10/25/2025,Cash3,NIGHT,156
10/25/2025,Cash4,EVENING,8244
10/25/2025,Cash4,MIDDAY,5666
10/25/2025,Cash4,NIGHT,403
10/25/2025,Cash4Life,,5 6 12 19 60 3
10/25/2025,Powerball,,2 12 22 39 67 15
10/26/2025,Cash3,MIDDAY,573
10/26/2025,Cash3,NIGHT,960
10/26/2025,Cash4,EVENING,4064
10/26/2025,Cash4,MIDDAY,7418
10/26/2025,Cash4,NIGHT,5635
10/26/2025,Cash4Life,,12 37 44 56 58 4
10/27/2025,Cash3,MIDDAY,103
10/27/2025,Cash3,NIGHT,190
10/27/2025,Cash4,EVENING,9917
10/27/2025,Cash4,MIDDAY,9743
10/27/2025,Cash4,NIGHT,1720
10/27/2025,Cash4Life,,2 11 23 33 47 2
10/27/2025,Powerball,,17 39 43 51 66 20
10/28/2025,Cash3,MIDDAY,412
10/28/2025,Cash3,NIGHT,114
10/28/2025,Cash4,EVENING,550
10/28/2025,Cash4,MIDDAY,4753
10/28/2025,Cash4,NIGHT,3929
10/28/2025,Cash4Life,,13 18 31 34 47 1
10/28/2025,Mega Millions,,2 19 33 53 61 14
10/29/2025,Cash3,MIDDAY,873
10/29/2025,Cash3,NIGHT,357
10/29/2025,Cash4,EVENING,363
10/29/2025,Cash4,MIDDAY,8401
10/29/2025,Cash4,NIGHT,6275
10/29/2025,Cash4Life,,4 27 40 42 57 3
10/29/2025,Powerball,,4 24 49 60 65 1
10/30/2025,Cash3,MIDDAY,210
10/30/2025,Cash3,NIGHT,728
10/30/2025,Cash4,EVENING,7726
10/30/2025,Cash4,MIDDAY,3346
10/30/2025,Cash4,NIGHT,9418
10/30/2025,Cash4Life,,1 9 22 42 49 4
10/31/2025,Cash3,MIDDAY,576
10/31/2025,Cash3,NIGHT,888
10/31/2025,Cash4,EVENING,9500
10/31/2025,Cash4,MIDDAY,2745
10/31/2025,Cash4,NIGHT,9955
10/31/2025,Cash4Life,,12 19 30 36 51 1
10/31/2025,Mega Millions,,2 24 52 66 68 9
11/1/2025,Cash3,EVENING,129
11/1/2025,Cash3,MIDDAY,151
11/1/2025,Cash3,MIDDAY,577
11/1/2025,Cash3,NIGHT,577
11/1/2025,Cash3,NIGHT,151
11/1/2025,Cash4,EVENING,1268
11/1/2025,Cash4,MIDDAY,473
11/1/2025,Cash4,NIGHT,9910
11/1/2025,Cash4Life,,12 20 27 30 34 2
11/1/2025,Powerball,,2 26 43 44 62 22
11/2/2025,Cash3,EVENING,282
11/2/2025,Cash3,MIDDAY,569
11/2/2025,Cash3,MIDDAY,424
11/2/2025,Cash3,NIGHT,424
11/2/2025,Cash3,NIGHT,569
11/2/2025,Cash4,EVENING,9197
11/2/2025,Cash4,MIDDAY,639
11/2/2025,Cash4,NIGHT,8169
11/2/2025,Cash4Life,,9 15 42 57 60 3
11/3/2025,Cash3,EVENING,788
11/3/2025,Cash3,MIDDAY,244
11/3/2025,Cash3,NIGHT,397
11/3/2025,Cash4,EVENING,6045
11/3/2025,Cash4,MIDDAY,1380
11/3/2025,Cash4,NIGHT,7322
11/3/2025,Cash4Life,,9 10 16 38 51 1
11/3/2025,Powerball,,3 32 40 43 57 18
11/4/2025,Cash3,EVENING,161
11/4/2025,Cash3,MIDDAY,684
11/4/2025,Cash3,NIGHT,226
11/4/2025,Cash4,EVENING,6926
11/4/2025,Cash4,MIDDAY,4440
11/4/2025,Cash4,NIGHT,6285
11/4/2025,Cash4Life,,16 25 38 43 44 3
11/4/2025,Mega Millions,,11 14 17 50 57 6
11/5/2025,Cash3,EVENING,514
11/5/2025,Cash3,MIDDAY,981
11/5/2025,Cash3,NIGHT,19
11/5/2025,Cash3,NIGHT,019
11/5/2025,Cash4,EVENING,9580
11/5/2025,Cash4,MIDDAY,553
11/5/2025,Cash4,NIGHT,5169
11/5/2025,Cash4Life,,9 13 26 47 53 3
11/5/2025,Powerball,,9 17 29 61 66 26
11/6/2025,Cash3,EVENING,003
11/6/2025,Cash3,MIDDAY,933
11/6/2025,Cash3,NIGHT,488
11/6/2025,Cash4,EVENING,8897
11/6/2025,Cash4,MIDDAY,7480
11/6/2025,Cash4,NIGHT,6453
11/6/2025,Cash4Life,,17 18 31 35 40 3
11/7/2025,Cash3,EVENING,639
11/7/2025,Cash3,MIDDAY,986
11/7/2025,Cash3,NIGHT,811
11/7/2025,Cash4,EVENING,5940
11/7/2025,Cash4,MIDDAY,2577
11/7/2025,Cash4,NIGHT,2176
11/7/2025,Cash4Life,,5 23 34 36 48 2
11/7/2025,Mega Millions,,16 21 23 48 70 5
11/8/2025,Cash3,EVENING,000
11/8/2025,Cash3,MIDDAY,605
11/8/2025,Cash3,NIGHT,444
11/8/2025,Cash4,EVENING,2142
11/8/2025,Cash4,MIDDAY,4183
11/8/2025,Cash4,NIGHT,3661
11/8/2025,Cash4Life,,13 19 23 49 57 2
11/8/2025,Powerball,,3 53 60 62 68 11
11/9/2025,Cash3,EVENING,639
11/9/2025,Cash3,MIDDAY,971
11/9/2025,Cash3,NIGHT,637
11/9/2025,Cash4,EVENING,7132
11/9/2025,Cash4,MIDDAY,1165
11/9/2025,Cash4,NIGHT,2523
11/9/2025,Cash4Life,,13 19 23 49 57 4
11/10/2025,Cash3,EVENING,239
11/10/2025,Cash3,MIDDAY,350
11/10/2025,Cash3,NIGHT,489
11/10/2025,Cash4,EVENING,5876
11/10/2025,Cash4,MIDDAY,4167
11/10/2025,Cash4,NIGHT,3229
11/10/2025,Cash4Life,,5 9 20 36 49 4
11/10/2025,Powerball,,6 28 44 48 58 23
11/11/2025,Cash3,EVENING,334
11/11/2025,Cash3,MIDDAY,631
11/11/2025,Cash3,NIGHT,334
11/11/2025,Cash4,EVENING,8811
11/11/2025,Cash4,MIDDAY,6619
11/11/2025,Cash4,NIGHT,2243
11/11/2025,Cash4Life,,25 15 29 31 32 58
11/11/2025,Mega Millions,,25 10 13 40 42 46
11/12/2025,Cash3,EVENING,583
11/12/2025,Cash3,MIDDAY,637
11/12/2025,Cash3,NIGHT,559
11/12/2025,Cash4,EVENING,2739
11/12/2025,Cash4,MIDDAY,5669
11/12/2025,Cash4,NIGHT,4167
11/12/2025,Cash4Life,,25 11 19 35 43 58
11/12/2025,Powerball,,25 29 39 43 51 65
11/13/2025,Cash3,EVENING,964
11/13/2025,Cash3,MIDDAY,917
11/13/2025,Cash3,NIGHT,594
11/13/2025,Cash4,EVENING,0698
11/13/2025,Cash4,MIDDAY,7355
11/13/2025,Cash4,NIGHT,5719
11/13/2025,Cash4Life,,25 09 19 32 39 45
11/14/2025,Cash3,EVENING,056
11/14/2025,Cash3,MIDDAY,983
11/14/2025,Cash3,NIGHT,605
11/14/2025,Cash4,EVENING,3016
11/14/2025,Cash4,MIDDAY,8171
11/14/2025,Cash4,NIGHT,8020
11/14/2025,Cash4Life,,25 03 23 30 40 60
11/14/2025,Mega Millions,,25 01 08 11 12 57
11/15/2025,Cash3,EVENING,600
11/15/2025,Cash3,MIDDAY,726
11/15/2025,Cash3,NIGHT,588
11/15/2025,Cash4,EVENING,4893
11/15/2025,Cash4,MIDDAY,8062
11/15/2025,Cash4,NIGHT,0599
11/15/2025,Cash4Life,,25 17 30 37 47 55
11/15/2025,Powerball,,25 06 07 12 47 53
11/16/2025,Cash3,EVENING,457
11/16/2025,Cash3,MIDDAY,282
11/16/2025,Cash3,NIGHT,528
11/16/2025,Cash4,EVENING,4405
11/16/2025,Cash4,MIDDAY,4086
11/16/2025,Cash4,NIGHT,8558
11/16/2025,Cash4Life,,25 10 17 21 41 54
11/17/2025,Cash3,EVENING,066
11/17/2025,Cash3,MIDDAY,877
11/17/2025,Cash3,NIGHT,258
11/17/2025,Cash4,EVENING,3540
11/17/2025,Cash4,MIDDAY,2372
11/17/2025,Cash4,NIGHT,1786
11/17/2025,Cash4Life,,25 13 16 23 31 37
11/17/2025,Powerball,,25 07 33 50 57 66
11/18/2025,Cash3,EVENING,816
11/18/2025,Cash3,MIDDAY,973
11/18/2025,Cash3,NIGHT,308
11/18/2025,Cash4,EVENING,9429
11/18/2025,Cash4,MIDDAY,7638
11/18/2025,Cash4,NIGHT,6607
11/18/2025,Cash4Life,,25 01 11 34 51 56
11/18/2025,Mega Millions,,25 05 10 23 27 30
11/19/2025,Cash3,EVENING,122
11/19/2025,Cash3,MIDDAY,629
11/19/2025,Cash3,NIGHT,449
11/19/2025,Cash4,EVENING,5728
11/19/2025,Cash4,MIDDAY,2807
11/19/2025,Cash4,NIGHT,1791
11/19/2025,Cash4Life,,25 26 40 43 44 56
11/19/2025,Powerball,,25 10 31 49 51 68
11/20/2025,Cash3,EVENING,932
11/20/2025,Cash3,MIDDAY,279
11/20/2025,Cash3,NIGHT,908
11/20/2025,Cash4,EVENING,1954
11/20/2025,Cash4,MIDDAY,7380
11/20/2025,Cash4,NIGHT,2112
11/20/2025,Cash4Life,,25 11 12 41 43 57
11/21/2025,Cash3,EVENING,837
11/21/2025,Cash3,MIDDAY,865
11/21/2025,Cash3,NIGHT,687
11/21/2025,Cash4,EVENING,5513
11/21/2025,Cash4,MIDDAY,1447
11/21/2025,Cash4,NIGHT,9642
11/21/2025,Cash4Life,,25 10 17 42 55 58
11/21/2025,Mega Millions,,25 03 04 19 31 63
11/22/2025,Cash3,EVENING,766
11/22/2025,Cash3,MIDDAY,408
11/22/2025,Cash3,NIGHT,310
11/22/2025,Cash4,EVENING,4342
11/22/2025,Cash4,MIDDAY,2027
11/22/2025,Cash4,NIGHT,6824
11/22/2025,Cash4Life,,25 06 15 16 17 32
11/22/2025,Powerball,,25 28 32 36 51 69
11/23/2025,Cash3,EVENING,594
11/23/2025,Cash3,MIDDAY,978
11/23/2025,Cash3,NIGHT,987
11/23/2025,Cash4,EVENING,8850
11/23/2025,Cash4,MIDDAY,3195
11/23/2025,Cash4,NIGHT,7640
11/23/2025,Cash4Life,,25 05 07 49 54 60
11/24/2025,Cash3,EVENING,090
11/24/2025,Cash3,MIDDAY,744
11/24/2025,Cash3,NIGHT,519
11/24/2025,Cash4,EVENING,2912
11/24/2025,Cash4,MIDDAY,0439
11/24/2025,Cash4,NIGHT,0868
11/24/2025,Cash4Life,,25 05 18 33 41 56
11/24/2025,Powerball,,25 08 16 26 30 58
11/25/2025,Cash3,EVENING,939
11/25/2025,Cash3,MIDDAY,378
11/25/2025,Cash3,NIGHT,180
11/25/2025,Cash4,EVENING,4818
11/25/2025,Cash4,MIDDAY,5139
11/25/2025,Cash4,NIGHT,6711
11/25/2025,Cash4Life,,25 12 18 32 37 60
11/25/2025,Mega Millions,,25 11 15 31 32 59
11/26/2025,Cash3,EVENING,309
11/26/2025,Cash3,MIDDAY,277
11/26/2025,Cash3,NIGHT,204
11/26/2025,Cash4,EVENING,5084
11/26/2025,Cash4,MIDDAY,9947
11/26/2025,Cash4,NIGHT,3099
11/26/2025,Cash4Life,,25 15 26 45 53 58
11/26/2025,Powerball,,25 07 08 15 19 28
11/27/2025,Cash3,EVENING,268
11/27/2025,Cash3,MIDDAY,308
11/27/2025,Cash3,NIGHT,616
11/27/2025,Cash4,EVENING,5983
11/27/2025,Cash4,MIDDAY,0868
11/27/2025,Cash4,NIGHT,9977
11/27/2025,Cash4Life,,25 04 12 47 52 58
11/28/2025,Cash3,EVENING,758
11/28/2025,Cash3,MIDDAY,435
11/28/2025,Cash3,NIGHT,346
11/28/2025,Cash4,EVENING,3156
11/28/2025,Cash4,MIDDAY,3184
11/28/2025,Cash4,NIGHT,8692
11/28/2025,Cash4Life,,25 06 09 10 51 58
11/28/2025,Mega Millions,,25 06 07 13 39 48
11/29/2025,Cash3,EVENING,470
11/29/2025,Cash3,MIDDAY,522
11/29/2025,Cash3,NIGHT,659
11/29/2025,Cash4,EVENING,2875
11/29/2025,Cash4,MIDDAY,8158
11/29/2025,Cash4,NIGHT,7688
11/29/2025,Cash4Life,,25 22 23 32 33 42
11/29/2025,Powerball,,25 19 22 30 32 59
11/30/2025,Cash3,EVENING,810
11/30/2025,Cash3,MIDDAY,511
11/30/2025,Cash3,NIGHT,389
11/30/2025,Cash4,EVENING,3725
11/30/2025,Cash4,MIDDAY,4422
11/30/2025,Cash4,NIGHT,7432
11/30/2025,Cash4Life,,25 19 25 36 40 50
12/1/2025,Cash3,EVENING,858
12/1/2025,Cash3,EVENING,8 5 8
12/1/2025,Cash3,MIDDAY,799
12/1/2025,Cash3,NIGHT,973
12/1/2025,Cash3,NIGHT,9 7 3
12/1/2025,Cash4,EVENING,5956
12/1/2025,Cash4,EVENING,5 9 5 6
12/1/2025,Cash4,MIDDAY,8630
12/1/2025,Cash4,MIDDAY,8 6 3 0
12/1/2025,Cash4,NIGHT,3340
12/1/2025,Cash4,NIGHT,3 3 4 0
12/1/2025,Cash4Life,,25 12 18 19 40 60
12/1/2025,Cash4Life,,25 12 18 19 40 60
12/1/2025,Powerball,,25 05 18 26 47 59
12/1/2025,Powerball,,25 05 18 26 47 59
12/2/2025,Cash3,EVENING,646
12/2/2025,Cash3,MIDDAY,664
12/2/2025,Cash3,NIGHT,8 7 8
12/2/2025,Cash3,NIGHT,878
12/2/2025,Cash4,NIGHT,6 1 0 4
12/2/2025,Cash4,NIGHT,6104
12/2/2025,Cash4Life,,25 01 09 23 31 49
12/2/2025,Cash4Life,,25 01 09 23 31 49
12/2/2025,Mega Millions,,25 17 25 26 53 60
12/2/2025,Mega Millions,,25 17 25 26 53 60
12/3/2025,Cash3,EVENING,047
12/3/2025,Cash3,MIDDAY,493
12/3/2025,Cash3,NIGHT,8 5 9
12/3/2025,Cash3,NIGHT,859
12/3/2025,Cash4,EVENING,6 6 7 1
12/3/2025,Cash4,EVENING,6671
12/3/2025,Cash4,MIDDAY,8 2 1 7
12/3/2025,Cash4,MIDDAY,8217
12/3/2025,Cash4,NIGHT,3 5 1 9
12/3/2025,Cash4,NIGHT,3519
12/3/2025,Cash4Life,,25 03 09 10 29 47
12/3/2025,Cash4Life,,25 03 09 10 29 47
12/3/2025,Powerball,,25 01 14 20 46 51
12/3/2025,Powerball,,25 01 14 20 46 51
12/4/2025,Cash3,EVENING,189
12/4/2025,Cash3,MIDDAY,313
12/4/2025,Cash3,NIGHT,724
12/4/2025,Cash4,EVENING,3 6 2 2
12/4/2025,Cash4,EVENING,3622
12/4/2025,Cash4,MIDDAY,9 6 6 1
12/4/2025,Cash4,MIDDAY,9661
12/4/2025,Cash4,NIGHT,9 5 2 3
12/4/2025,Cash4,NIGHT,9523
12/4/2025,Cash4Life,,25 01 14 26 28 52
12/4/2025,Cash4Life,,25 01 14 26 28 52
12/5/2025,Cash3,EVENING,041
12/5/2025,Cash3,MIDDAY,216
12/5/2025,Cash3,NIGHT,980
12/5/2025,Cash4,MIDDAY,7 6 2 3
12/5/2025,Cash4,MIDDAY,7623
12/5/2025,Cash4,NIGHT,9 4 9 8
12/5/2025,Cash4,NIGHT,9498
12/5/2025,Cash4Life,,25 34 44 50 51 58
12/5/2025,Cash4Life,,25 34 44 50 51 58
12/5/2025,Mega Millions,,25 34 38 42 44 69
12/5/2025,Mega Millions,,25 34 38 42 44 69
12/6/2025,Cash3,EVENING,168
12/6/2025,Cash3,MIDDAY,508
12/6/2025,Cash3,NIGHT,729
12/6/2025,Cash4,EVENING,2 9 2 5
12/6/2025,Cash4,EVENING,2925
12/6/2025,Cash4,MIDDAY,2 3 5 1
12/6/2025,Cash4,MIDDAY,2351
12/6/2025,Cash4Life,,25 02 06 41 48 52
12/6/2025,Powerball,,25 13 14 26 28 44
12/7/2025,Cash3,EVENING,283
12/7/2025,Cash3,MIDDAY,034
12/7/2025,Cash3,NIGHT,6 6 3
12/7/2025,Cash3,NIGHT,663
12/7/2025,Cash4,MIDDAY,6 0 1 0
12/7/2025,Cash4,MIDDAY,6010
12/7/2025,Cash4,NIGHT,7 5 5 6
12/7/2025,Cash4,NIGHT,7556
12/7/2025,Cash4Life,,25 16 25 29 35 53
12/8/2025,Cash3,EVENING,4 9 3
12/8/2025,Cash3,EVENING,493
12/8/2025,Cash3,MIDDAY,628
12/8/2025,Cash3,NIGHT,0 0 7
12/8/2025,Cash3,NIGHT,007
12/8/2025,Cash4,EVENING,8 0 5 9
12/8/2025,Cash4,EVENING,8059
12/8/2025,Cash4,MIDDAY,8 8 4 3
12/8/2025,Cash4,MIDDAY,8843
12/8/2025,Cash4,NIGHT,8 6 2 8
12/8/2025,Cash4,NIGHT,8628
12/8/2025,Cash4Life,,25 06 22 34 46 60
12/8/2025,Cash4Life,,25 06 22 34 46 60
12/8/2025,Powerball,,25 08 32 52 56 64
12/8/2025,Powerball,,25 08 32 52 56 64
12/9/2025,Cash3,EVENING,3 3 6
12/9/2025,Cash3,EVENING,336
12/9/2025,Cash3,MIDDAY,8 9 4
12/9/2025,Cash3,MIDDAY,894
12/9/2025,Cash3,NIGHT,100
12/9/2025,Cash4,EVENING,1 8 5 1
12/9/2025,Cash4,EVENING,1851
12/9/2025,Cash4,MIDDAY,6 0 7 9
12/9/2025,Cash4,MIDDAY,6079
12/9/2025,Cash4,NIGHT,0 9 5 5
12/9/2025,Cash4,NIGHT,0955
12/9/2025,Cash4Life,,25 12 24 36 54 56
12/9/2025,Cash4Life,,25 12 24 36 54 56
12/9/2025,Mega Millions,,25 19 32 41 49 66
12/10/2025,Cash3,EVENING,9 9 4
12/10/2025,Cash3,EVENING,994
12/10/2025,Cash3,MIDDAY,735
12/10/2025,Cash3,NIGHT,709
12/10/2025,Cash4,EVENING,0 3 5 6
12/10/2025,Cash4,EVENING,0356
12/10/2025,Cash4,MIDDAY,6 7 4 3
12/10/2025,Cash4,MIDDAY,6743
12/10/2025,Cash4,NIGHT,0 2 6 9
12/10/2025,Cash4,NIGHT,0269
12/10/2025,Cash4Life,,25 10 32 34 45 56
12/10/2025,Cash4Life,,25 10 32 34 45 56
12/10/2025,Powerball,,25 10 16 29 33 69
12/10/2025,Powerball,,25 10 16 29 33 69
12/11/2025,Cash3,EVENING,478
12/11/2025,Cash3,MIDDAY,158
12/11/2025,Cash3,NIGHT,6 3 5
12/11/2025,Cash3,NIGHT,635
12/11/2025,Cash4,EVENING,7 9 0 8
12/11/2025,Cash4,EVENING,7908
12/11/2025,Cash4,MIDDAY,7 5 5 4
12/11/2025,Cash4,MIDDAY,7554
12/11/2025,Cash4,NIGHT,3 8 7 9
12/11/2025,Cash4,NIGHT,3879
12/11/2025,Cash4Life,,25 01 04 10 13 37
12/11/2025,Cash4Life,,25 01 04 10 13 37
12/12/2025,Cash3,EVENING,284
12/12/2025,Cash3,MIDDAY,479
12/12/2025,Cash3,NIGHT,8 5 8
12/12/2025,Cash3,NIGHT,858
12/12/2025,Cash4,EVENING,2 7 9 6
12/12/2025,Cash4,EVENING,2796
12/12/2025,Cash4,MIDDAY,8 0 6 3
12/12/2025,Cash4,MIDDAY,8063
12/12/2025,Cash4,NIGHT,4 3 4 2
12/12/2025,Cash4,NIGHT,4342
12/12/2025,Cash4Life,,25 10 44 48 49 53
12/12/2025,Cash4Life,,25 10 44 48 49 53
12/12/2025,Mega Millions,,25 10 50 55 58 59
12/13/2025,Cash3,EVENING,6 8 8
12/13/2025,Cash3,EVENING,688
12/13/2025,Cash3,MIDDAY,037
12/13/2025,Cash3,NIGHT,722
12/13/2025,Cash4,EVENING,0 9 2 9
12/13/2025,Cash4,EVENING,0929
12/13/2025,Cash4,NIGHT,3 4 7 1
12/13/2025,Cash4,NIGHT,3471
12/13/2025,Cash4Life,,25 03 09 10 17 37
12/13/2025,Cash4Life,,25 03 09 10 17 37
12/13/2025,Powerball,,25 01 28 31 57 58
12/13/2025,Powerball,,25 01 28 31 57 58
12/14/2025,Cash3,EVENING,5 8 9
12/14/2025,Cash3,EVENING,589
12/14/2025,Cash3,MIDDAY,3 9 7
12/14/2025,Cash3,MIDDAY,397
12/14/2025,Cash3,NIGHT,7 0 5
12/14/2025,Cash3,NIGHT,705
12/14/2025,Cash4,EVENING,1 4 8 9
12/14/2025,Cash4,EVENING,1489
12/14/2025,Cash4,MIDDAY,5 3 1 6
12/14/2025,Cash4,MIDDAY,5316
12/14/2025,Cash4,NIGHT,5 7 2 9
12/14/2025,Cash4,NIGHT,5729
12/14/2025,Cash4Life,,25 14 15 16 23 60
12/14/2025,Cash4Life,,25 14 15 16 23 60
12/15/2025,Cash3,EVENING,169
12/15/2025,Cash3,MIDDAY,932
12/15/2025,Cash3,NIGHT,679
12/15/2025,Cash4,EVENING,2 7 6 1
12/15/2025,Cash4,EVENING,2761
12/15/2025,Cash4,MIDDAY,0 4 3 5
12/15/2025,Cash4,MIDDAY,0435
12/15/2025,Cash4,NIGHT,2 2 2 3
12/15/2025,Cash4,NIGHT,2223
12/15/2025,Cash4Life,,25 08 10 13 39 60
12/15/2025,Cash4Life,,25 08 10 13 39 60
12/15/2025,Powerball,,25 23 35 59 63 68
12/16/2025,Cash3,EVENING,881
12/16/2025,Cash3,MIDDAY,3 8 7
12/16/2025,Cash3,MIDDAY,387
12/16/2025,Cash3,NIGHT,3 7 8
12/16/2025,Cash3,NIGHT,378
12/16/2025,Cash4,EVENING,0 4 6 1
12/16/2025,Cash4,EVENING,0461
12/16/2025,Cash4,MIDDAY,1 6 3 8
12/16/2025,Cash4,MIDDAY,1638
12/16/2025,Cash4,NIGHT,9 3 5 5
12/16/2025,Cash4,NIGHT,9355
12/16/2025,Cash4Life,,25 04 05 33 47 54
12/16/2025,Cash4Life,,25 04 05 33 47 54
12/16/2025,Mega Millions,,25 20 24 46 59 65
12/17/2025,Cash3,EVENING,065
12/17/2025,Cash3,MIDDAY,5 6 9
12/17/2025,Cash3,MIDDAY,569
12/17/2025,Cash3,NIGHT,224
12/17/2025,Cash4,EVENING,7 8 3 0
12/17/2025,Cash4,EVENING,7830
12/17/2025,Cash4,MIDDAY,7 8 5 9
12/17/2025,Cash4,MIDDAY,7859
12/17/2025,Cash4,NIGHT,9 1 9 3
12/17/2025,Cash4,NIGHT,9193
12/17/2025,Cash4Life,,25 03 32 33 36 59
12/17/2025,Powerball,,25 25 33 53 62 66
12/18/2025,Cash3,EVENING,552
12/18/2025,Cash3,MIDDAY,307
12/18/2025,Cash3,NIGHT,3 3 5
12/18/2025,Cash3,NIGHT,335
12/18/2025,Cash4,EVENING,9 7 4 2
12/18/2025,Cash4,EVENING,9742
12/18/2025,Cash4,NIGHT,4 3 2 6
12/18/2025,Cash4,NIGHT,4326
12/18/2025,Cash4Life,,25 20 26 46 57 60
12/18/2025,Cash4Life,,25 20 26 46 57 60
12/19/2025,Cash3,EVENING,824
12/19/2025,Cash3,MIDDAY,704
12/19/2025,Cash3,NIGHT,537
12/19/2025,Cash4,EVENING,5 4 8 3
12/19/2025,Cash4,EVENING,5483
12/19/2025,Cash4,MIDDAY,6 0 4 4
12/19/2025,Cash4,MIDDAY,6044
12/19/2025,Cash4,NIGHT,2 6 4 3
12/19/2025,Cash4,NIGHT,2643
12/19/2025,Cash4Life,,25 06 31 34 37 41
12/19/2025,Cash4Life,,25 06 31 34 37 41
12/19/2025,Mega Millions,,25 01 11 27 39 59
12/19/2025,Mega Millions,,25 01 11 27 39 59
12/20/2025,Cash3,EVENING,9 9 4
12/20/2025,Cash3,EVENING,994
12/20/2025,Cash3,MIDDAY,689
12/20/2025,Cash3,NIGHT,952
12/20/2025,Cash4,EVENING,9 1 2 2
12/20/2025,Cash4,EVENING,9122
12/20/2025,Cash4,MIDDAY,4 1 1 8
12/20/2025,Cash4,MIDDAY,4118
12/20/2025,Cash4,NIGHT,9 7 2 5
12/20/2025,Cash4,NIGHT,9725
12/20/2025,Cash4Life,,25 14 24 26 42 45
12/20/2025,Cash4Life,,25 14 24 26 42 45
12/20/2025,Powerball,,25 04 05 28 52 69
12/20/2025,Powerball,,25 04 05 28 52 69
12/21/2025,Cash3,EVENING,762
12/21/2025,Cash3,MIDDAY,899
12/21/2025,Cash3,NIGHT,9 7 9
12/21/2025,Cash3,NIGHT,979
12/21/2025,Cash4,EVENING,8 3 1 2
12/21/2025,Cash4,EVENING,8312
12/21/2025,Cash4,MIDDAY,6 3 7 2
12/21/2025,Cash4,MIDDAY,6372
12/21/2025,Cash4,NIGHT,0 8 0 0
12/21/2025,Cash4,NIGHT,0800
12/21/2025,Cash4Life,,25 15 25 30 40 55
12/21/2025,Cash4Life,,25 15 25 30 40 55
12/22/2025,Cash3,EVENING,018
12/22/2025,Cash3,MIDDAY,587
12/22/2025,Cash3,NIGHT,9 6 5
12/22/2025,Cash3,NIGHT,965
12/22/2025,Cash4,EVENING,8 7 0 8
12/22/2025,Cash4,EVENING,8708
12/22/2025,Cash4,MIDDAY,8 8 6 4
12/22/2025,Cash4,MIDDAY,8864
12/22/2025,Cash4,NIGHT,5 3 8 9
12/22/2025,Cash4,NIGHT,5389
12/22/2025,Cash4Life,,25 07 12 22 25 27
12/22/2025,Cash4Life,,25 07 12 22 25 27
12/22/2025,Powerball,,25 03 18 36 41 54
12/22/2025,Powerball,,25 03 18 36 41 54
12/23/2025,Cash3,EVENING,834
12/23/2025,Cash3,MIDDAY,241
12/23/2025,Cash3,NIGHT,926
12/23/2025,Cash4,MIDDAY,3 9 0 9
12/23/2025,Cash4,MIDDAY,3909
12/23/2025,Cash4,NIGHT,7 9 2 9
12/23/2025,Cash4,NIGHT,7929
12/23/2025,Cash4Life,,25 05 06 09 21 45
12/23/2025,Cash4Life,,25 05 06 09 21 45
12/23/2025,Mega Millions,,25 15 37 38 41 64
12/23/2025,Mega Millions,,25 15 37 38 41 64
12/24/2025,Cash3,EVENING,761
12/24/2025,Cash3,MIDDAY,022
12/24/2025,Cash3,NIGHT,309
12/24/2025,Cash4,EVENING,7 3 6 9
12/24/2025,Cash4,EVENING,7369
12/24/2025,Cash4,NIGHT,4 5 6 3
12/24/2025,Cash4,NIGHT,4563
12/24/2025,Cash4Life,,25 04 17 18 21 60
12/24/2025,Cash4Life,,25 04 17 18 21 60
12/24/2025,Powerball,,25 04 25 31 52 59
12/24/2025,Powerball,,25 04 25 31 52 59
12/25/2025,Cash3,EVENING,015
12/25/2025,Cash3,MIDDAY,973
12/25/2025,Cash3,NIGHT,177
12/25/2025,Cash4,EVENING,9 8 2 5
12/25/2025,Cash4,EVENING,9825
12/25/2025,Cash4,MIDDAY,6 1 6 3
12/25/2025,Cash4,MIDDAY,6163
12/25/2025,Cash4,NIGHT,3 2 8 3
12/25/2025,Cash4,NIGHT,3283
12/25/2025,Cash4Life,,25 03 05 16 31 59
12/25/2025,Cash4Life,,25 03 05 16 31 59
12/26/2025,Cash3,EVENING,8 4 9
12/26/2025,Cash3,EVENING,849
12/26/2025,Cash3,MIDDAY,557
12/26/2025,Cash3,NIGHT,434
12/26/2025,Cash4,EVENING,3 9 9 3
12/26/2025,Cash4,EVENING,3993
12/26/2025,Cash4,MIDDAY,5 8 8 1
12/26/2025,Cash4,MIDDAY,5881
12/26/2025,Cash4,NIGHT,6 3 7 5
12/26/2025,Cash4,NIGHT,6375
12/26/2025,Cash4Life,,25 02 04 10 13 28
12/26/2025,Cash4Life,,25 02 04 10 13 28
12/26/2025,Mega Millions,,25 09 19 31 63 64
12/26/2025,Mega Millions,,25 09 19 31 63 64
12/27/2025,Cash3,EVENING,886
12/27/2025,Cash3,MIDDAY,8 9 6
12/27/2025,Cash3,MIDDAY,896
12/27/2025,Cash3,NIGHT,281
12/27/2025,Cash4,EVENING,8 1 4 5
12/27/2025,Cash4,EVENING,8145
12/27/2025,Cash4,MIDDAY,7 7 8 7
12/27/2025,Cash4,MIDDAY,7787
12/27/2025,Cash4Life,,25 10 12 21 22 35
12/27/2025,Cash4Life,,25 10 12 21 22 35
12/27/2025,Powerball,,25 05 20 34 39 62
12/27/2025,Powerball,,25 05 20 34 39 62
12/28/2025,Cash3,EVENING,722
12/28/2025,Cash3,MIDDAY,3 3 6
12/28/2025,Cash3,MIDDAY,336
12/28/2025,Cash3,NIGHT,227
12/28/2025,Cash4,MIDDAY,2 0 5 5
12/28/2025,Cash4,MIDDAY,2055
12/28/2025,Cash4,NIGHT,9 1 0 3
12/28/2025,Cash4,NIGHT,9103
12/28/2025,Cash4Life,,25 09 15 24 34 53
12/28/2025,Cash4Life,,25 09 15 24 34 53
12/29/2025,Cash3,EVENING,061
12/29/2025,Cash3,MIDDAY,9 6 5
12/29/2025,Cash3,MIDDAY,965
12/29/2025,Cash3,NIGHT,175
12/29/2025,Cash4,EVENING,8 7 1 1
12/29/2025,Cash4,EVENING,8711
12/29/2025,Cash4,MIDDAY,6 9 4 6
12/29/2025,Cash4,MIDDAY,6946
12/29/2025,Cash4,NIGHT,6 6 6 0
12/29/2025,Cash4,NIGHT,6660
12/29/2025,Cash4Life,,25 06 13 28 31 52
12/29/2025,Cash4Life,,25 06 13 28 31 52
12/29/2025,Powerball,,25 11 19 34 48 53
12/29/2025,Powerball,,25 11 19 34 48 53
12/30/2025,Cash3,EVENING,7 8 8
12/30/2025,Cash3,EVENING,788
12/30/2025,Cash3,MIDDAY,014
12/30/2025,Cash3,NIGHT,526
12/30/2025,Cash4,EVENING,7 6 1 2
12/30/2025,Cash4,EVENING,7612
12/30/2025,Cash4,MIDDAY,8 9 3 9
12/30/2025,Cash4,MIDDAY,8939
12/30/2025,Cash4,NIGHT,1 9 4 5
12/30/2025,Cash4,NIGHT,1945
12/30/2025,Cash4Life,,25 03 07 25 38 42
12/30/2025,Cash4Life,,25 03 07 25 38 42
12/30/2025,Mega Millions,,25 18 43 49 63 69
12/30/2025,Mega Millions,,25 18 43 49 63 69
12/31/2025,Cash3,EVENING,050
12/31/2025,Cash3,MIDDAY,776
12/31/2025,Cash3,NIGHT,382
12/31/2025,Cash4,EVENING,6 8 9 2
12/31/2025,Cash4,EVENING,6892
12/31/2025,Cash4,MIDDAY,3 7 0 6
12/31/2025,Cash4,MIDDAY,3706
12/31/2025,Cash4,NIGHT,7 5 9 9
12/31/2025,Cash4,NIGHT,7599
12/31/2025,Cash4Life,,25 07 10 21 35 49
12/31/2025,Cash4Life,,25 07 10 21 35 49
12/31/2025,Powerball,,25 11 18 21 24 38
12/31/2025,Powerball,,25 11 18 21 24 38
